file_path,score,category,time,censored,class
invalid/Closeups Galleries   Hegre Art Nudes.jpg,0.9999996955275492,i,1,1,0
invalid/train3 (300).jpg,0.9999993882474882,i,1,1,0
invalid/Nude Busty Babes Pics.jpg,0.9999993477472912,i,1,1,0
invalid/nude34.jpg,0.9999993027631716,i,2,1,0
invalid/Teen nude sex videos - XVIDEOS.COM.jpg,0.9999992937180764,i,2,1,0
invalid/completely nude  p Porn Pic - EPORNER.jpg,0.9999988563540684,i,2,1,0
invalid/train3 (737).jpg,0.999998580627107,i,2,1,0
invalid/train3 (752).jpg,0.9999984539222168,i,3,1,0
invalid/Over 50 Mature Nude Women.jpg,0.9999983754992172,i,4,1,0
invalid/Nude women  girls and pornstars free xxx video..jpg,0.9999983514971972,i,4,1,0
invalid/Nude Models (2022) Glamour Naked Women (Meet Natural Nude Girls!).jpg,0.9999981617770572,i,4,1,0
invalid/train3 (595).jpg,0.9999981218725223,i,5,1,0
invalid/paoli dam nude pic.jpg,0.9999981016412676,i,5,1,0
invalid/train3 (332).jpg,0.9999979401763994,i,5,1,0
invalid/train3 (719).jpg,0.9999978486750932,i,6,1,0
invalid/Nude XXX Pictures.jpg,0.99999765101893,i,6,1,0
invalid/Erotic desi girl nude photo gallery - 51 Sexy babe xxx nudes.jpg,0.9999975142923176,i,6,1,0
invalid/Nude - Hottest videos  page 1.jpg,0.9999974496167852,i,6,1,0
invalid/I felt really proud of a full frontal nude for the first time in a while  i  hope you like itü•∫   r RealGirls.jpg,0.9999972981458995,i,7,1,0
invalid/Gibi ASMR Nude Photos Released   arizona-golf-vacations.com.jpg,0.9999972626847012,i,8,1,0
invalid/val3 (64).jpg,0.99999697052408,i,9,1,0
invalid/train3 (571).jpg,0.9999967800122248,i,9,1,0
invalid/train3 (348).jpg,0.9999962932106428,i,9,1,0
invalid/train3 (715).jpg,0.9999961661214912,i,10,1,0
invalid/train3 (594).jpg,0.999995348009179,i,10,1,0
invalid/train3 (555).jpg,0.9999951915842756,i,11,1,0
invalid/val3 (292).jpg,0.9999951081081236,i,11,1,0
invalid/nude68.jpg,0.9999948260956444,i,11,1,0
invalid/train3 (149).jpg,0.9999948159747872,i,12,1,0
invalid/val3 (483).jpg,0.9999948042604956,i,12,1,0
invalid/nude girls porn videos - Perfect Girls..jpg,0.9999946894458844,i,12,1,0
invalid/nude27.jpg,0.999994527475792,i,13,1,0
invalid/wendy fake nude ‚Äì Koreanfakes.jpg,0.9999944194673844,i,13,1,0
invalid/Nude sex gifs.jpg,0.999994136332134,i,13,1,0
invalid/Nudes XXX nude girls  hot women  pornstars and naked amateurs.jpg,0.9999940359493849,i,14,1,0
invalid/Free Big Nude Porn Videos   xHamster.jpg,0.9999935620935504,i,14,1,0
invalid/Alexandra Daddario Nude Photos   Naked Sex Videos.jpg,0.9999935120795272,i,14,1,0
invalid/Category Nudes-A-Poppin  - Wikimedia Commons.jpg,0.9999932162318146,i,15,1,0
invalid/Category Nudes-A-Poppin' - Wikimedia Commons.jpg,0.9999932162318146,i,15,1,0
invalid/train3 (96).jpg,0.999992804696376,i,15,1,0
invalid/train3 (634).jpg,0.99999270358785,i,15,1,0
invalid/train3 (293).jpg,0.999992539316736,i,16,1,0
invalid/train3 (764).jpg,0.9999917226778052,i,17,1,0
invalid/val3 (437).jpg,0.9999916226661298,i,17,1,0
invalid/nude07.jpg,0.9999914316886134,i,17,1,0
invalid/nude78.jpg,0.9999899018012002,i,17,1,0
invalid/train3 (753).jpg,0.9999898079786362,i,18,1,0
invalid/Sexy Mature Nude Pics  Nude Mature Women Pictures  Sexy ....jpg,0.9999897934494584,i,18,1,0
invalid/Hot teens nude live show.jpg,0.9999892912892392,i,18,1,0
invalid/Nude Girl Pussy porn   sex videos in high quality at RunPorn.com.jpg,0.9999891737761571,i,18,1,0
invalid/val3 (551).jpg,0.999988780298736,i,19,1,0
"invalid/Gala Nude - aka  Gala at Amour Angels, Exclusiveteenporn, Showy Beauty,  Teenpornstorage.jpg",0.9999884750432102,i,19,1,0
invalid/Gala Nude - aka  Gala at Amour Angels  Exclusiveteenporn  Showy Beauty   Teenpornstorage.jpg,0.9999884750432102,i,19,1,0
invalid/val3 (417).jpg,0.9999884579519858,i,19,1,0
invalid/nude17.jpg,0.9999879708047956,i,20,1,0
invalid/val3 (240).jpg,0.9999874681889196,i,20,1,0
invalid/nude43.jpg,0.9999874510103836,i,20,1,0
invalid/Emma Watson Nude Dressing Room Photos - Onlyfans Nudes.jpg,0.9999872659536776,i,21,1,0
invalid/nude73.jpg,0.9999866939906497,i,21,1,0
invalid/train3 (95).jpg,0.999986580814948,i,22,1,0
invalid/Ass photos - NudeIndians.net.jpg,0.9999865177087486,i,23,1,0
invalid/Ariana Grande Nude Photos   Naked Sex Videos.jpg,0.9999863710909268,i,23,1,0
invalid/nude79.jpg,0.9999859737145016,i,24,1,0
invalid/Granny Nude Pics and Old Granny Porn.jpg,0.999985293514328,i,24,1,0
invalid/Naked College Girls - Nude Clap.jpg,0.9999851827742532,i,24,1,0
invalid/Nude Mature Sex Pics  Women Porn Photos.jpg,0.9999851628363104,i,24,1,0
invalid/nude81.jpg,0.99998512322054,i,25,1,0
invalid/train3 (609).jpg,0.9999850804306334,i,25,1,0
invalid/val3 (306).jpg,0.9999848766092329,i,25,1,0
invalid/Amber Heard Nude Photos   Naked Sex Videos.jpg,0.999984558846336,i,25,1,0
invalid/TikTok Nude Videos - Page 2 of 16 - FYPTT.jpg,0.9999843531204532,i,26,1,0
invalid/nude public  Search - XNXX.COM.jpg,0.9999843446566956,i,26,1,0
invalid/nude volleyball  Search - XNXX.COM.jpg,0.9999843446566956,i,27,1,0
invalid/Nude Sexy Hot Women.jpg,0.9999843217883608,i,27,1,0
invalid/train3 (633).jpg,0.999983952517141,i,28,1,0
invalid/train3 (554).jpg,0.9999823247326276,i,28,1,0
invalid/Free Teen Sex Pics  Young Teens XXX Porn at LamaLinks.com.jpg,0.999982111126883,i,29,1,0
invalid/nude04.jpg,0.999981947883498,i,29,1,0
invalid/nude30.jpg,0.9999816276831552,i,29,1,0
invalid/val3 (29).jpg,0.9999813574831932,i,29,1,0
invalid/train3 (746).jpg,0.9999797696787028,i,30,1,0
invalid/Horny babe posing nude.jpg,0.9999796490592416,i,30,1,0
invalid/Nude moms  sexy mature women  milf pics..jpg,0.9999788565473864,i,30,1,0
invalid/Ariana Grande Thirsty Nude With Legs Spread.jpg,0.9999787617125548,i,30,1,0
invalid/train3 (524).jpg,0.9999786644912092,i,31,1,0
invalid/Eva Green Nude Photos   Videos 2022   #TheFappening.jpg,0.9999785530380904,i,32,1,0
invalid/nude44.jpg,0.9999784544606882,i,33,1,0
invalid/Nude Tumblr ¬ª Hottest posts   Sharesome.jpg,0.9999782202212372,i,33,1,0
invalid/train3 (535).jpg,0.9999779403333378,i,33,1,0
invalid/train3 (88).jpg,0.9999776409822516,i,33,1,0
invalid/Hot Nude Pictures - the best nude girls pics!.jpg,0.999977497078362,i,34,1,0
invalid/train3 (632).jpg,0.999977319224854,i,34,1,0
invalid/train3 (550).jpg,0.9999754020755064,i,35,1,0
invalid/Sexy Nude Beauties Pics.jpg,0.9999747279543952,i,35,1,0
invalid/train3 (331).jpg,0.9999725733950982,i,36,1,0
invalid/val3 (432).jpg,0.9999719310071667,i,37,1,0
invalid/Popular Korean Nude Videos  Page 1.jpg,0.9999709627882112,i,37,1,0
invalid/nude75.jpg,0.999970889170072,i,37,1,0
invalid/train3 (725).jpg,0.9999708215909776,i,37,1,0
invalid/train3 (624).jpg,0.999970771614244,i,38,1,0
invalid/val3 (35).jpg,0.9999702214845456,i,39,1,0
invalid/nude16.jpg,0.9999697839521104,i,40,1,0
invalid/train3 (223).jpg,0.999968741722114,i,40,1,0
invalid/train3 (610).jpg,0.9999675654107704,i,40,1,0
invalid/train3 (488).jpg,0.9999659859895472,i,41,1,0
invalid/500+ Uncensored Adult Sex Pictures Book  Big Erotic Photos ....jpg,0.9999658982560504,i,41,1,0
invalid/nude22.jpg,0.9999654877756255,i,41,1,0
invalid/train3 (756).jpg,0.9999649953388144,i,42,1,0
invalid/train3 (625).jpg,0.9999644025592715,i,42,1,0
invalid/Dancing nude Asians.jpg,0.9999641785980202,i,42,1,0
invalid/train3 (720).jpg,0.9999636533175362,i,43,1,0
invalid/nude41.jpg,0.999963637397741,i,43,1,0
invalid/train3 (592).jpg,0.9999627725919707,i,44,1,0
invalid/HOT College Student Volunteers for Nude Modeling but Ends up Covered in Cum  - Amateur Sex - Pornhub.com.jpg,0.9999626480639564,i,44,1,0
invalid/Nude Party  Ovguide Free Pornhub   Nudist Family Tube Porn ....jpg,0.9999609201113344,i,44,1,0
invalid/train3 (629).jpg,0.9999598731083096,i,44,1,0
invalid/Nude Selfie Porn Pics  Naked Girl Selfie - PornPics.com.jpg,0.9999581655283692,i,45,1,0
invalid/train3 (467).jpg,0.9999572576689388,i,45,1,0
invalid/Nude-selfies Nude Pics Gifs Videos¬∑ Pandesia World.jpg,0.9999555696704192,i,45,1,0
invalid/train3 (572).jpg,0.999955213334033,i,45,1,0
invalid/Homemade Nude Galleries   Sex Pictures Pass.jpg,0.9999550440115854,i,46,1,0
invalid/Beautiful Naked Girls And Nude Models @ Elite Babes.jpg,0.9999549102503806,i,46,1,0
invalid/train3 (523).jpg,0.9999535507813562,i,46,1,0
invalid/train3 (512).jpg,0.9999535507813562,i,46,1,0
invalid/nude23.jpg,0.999952582656988,i,47,1,0
invalid/nude48.jpg,0.9999478640966116,i,47,1,0
invalid/Nude mature women porn..jpg,0.9999478599638678,i,47,1,0
invalid/train3 (344).jpg,0.9999465557011716,i,47,1,0
invalid/Emma Watson Nude Photos   Videos 2022   #TheFappening.jpg,0.9999461860861628,i,48,1,0
invalid/Nude Girls Pictures - YOUX.XXX.jpg,0.9999461298939424,i,48,1,0
invalid/train3 (591).jpg,0.9999452109914272,i,48,1,0
invalid/Nude photos and sex pics of these hot and horny amateurs having fun.jpg,0.999945014860714,i,49,1,0
invalid/nude32.jpg,0.9999446860019816,i,49,1,0
invalid/Nude Instagram   GF PICS - Free Amateur Porn - Ex Girlfriend Sex.jpg,0.999943608767353,i,50,1,0
invalid/nude65.jpg,0.9999422690889332,i,50,1,0
invalid/Nude Black Girlfriends and Live Ebony Women Naked..jpg,0.99994188992423,i,51,1,0
invalid/Hot Nude Men ¬ª Hot Naked Man Pics  Videos   Cam Guys.jpg,0.999940426422654,i,51,1,0
invalid/Addison Rae Nude Photos   Naked Sex Videos.jpg,0.9999389120566776,i,51,1,0
invalid/nude38.jpg,0.9999382586102,i,52,1,0
invalid/nude14.jpg,0.999938229972031,i,52,1,0
invalid/train3 (72).jpg,0.9999378468492068,i,53,1,0
invalid/train3 (468).jpg,0.9999374153558164,i,53,1,0
invalid/The naked art nude.  Nude Art Photography Curated by ....jpg,0.999937062500976,i,53,1,0
invalid/Fresh Thai Nudes.jpg,0.999933449353648,i,54,1,0
invalid/nude66.jpg,0.9999326205579564,i,54,1,0
invalid/500+ Uncensored Adult Sex Photos Book  Full Nudity Erotic.jpg,0.9999325321405196,i,54,1,0
invalid/val3 (156).jpg,0.9999300533963832,i,54,1,0
invalid/Amateur Nude Vids.jpg,0.9999300012932508,i,55,1,0
invalid/Petite Cute Nude Korean Girl Rubs Body Oil on Her Breasts ....jpg,0.9999298837392416,i,55,1,0
invalid/nude72.jpg,0.999928900040686,i,55,1,0
invalid/nude28.jpg,0.9999280105766956,i,56,1,0
invalid/train3 (188).jpg,0.99992697333073,i,56,1,0
invalid/Mature Women Over 40  Mature Nude Photos.jpg,0.9999259992036968,i,56,1,0
invalid/Nude Models (2022) Glamour Naked Women (Meet Natural Nude ....jpg,0.9999231323599816,i,56,1,0
invalid/Nude Asses - Sexy Nude Pics.jpg,0.9999229132081382,i,57,1,0
invalid/Nude Compilation Porn Videos - fuqqt.com.jpg,0.9999224603525364,i,57,1,0
invalid/Mature Nude Women  Naked MILFs  Mature Porn Pics.jpg,0.9999218459706752,i,57,1,0
invalid/NUDE PORN MOVIES - FREE SEX VIDEOS.jpg,0.999921693946817,i,57,1,0
invalid/train3 (621).jpg,0.9999207150249276,i,58,1,0
invalid/Nude women erotic and hardcore xxx movies..jpg,0.9999206960201265,i,59,1,0
invalid/Nude Girls   Nude.hu.jpg,0.9999197559591266,i,59,1,0
invalid/nude42.jpg,0.999919340829365,i,59,1,0
invalid/train3 (155).jpg,0.9999188704096014,i,60,1,0
invalid/val3 (30).jpg,0.9999181688472164,i,61,1,0
invalid/Nude Girl Portrait Topless Woman Stock Photo 488194603 ....jpg,0.9999176455748966,i,61,1,0
invalid/train3 (718).jpg,0.999914046813501,i,62,1,0
invalid/Billie Eilish Nude LEAKED Pics   Sex Tape Porn [NEW 2022].jpg,0.9999137567356228,i,62,1,0
invalid/Public Nudity   Nude Outdoor Babes - HQseek.jpg,0.9999136989354156,i,62,1,0
invalid/Nude Porn Videos   Pornhub.com.jpg,0.9999129058560356,i,63,1,0
invalid/nude29.jpg,0.9999126188922672,i,64,1,0
invalid/nude40.jpg,0.9999126099282876,i,65,1,0
invalid/train3 (765).jpg,0.9999123481247808,i,65,1,0
invalid/train3 (788).jpg,0.9999081077403388,i,65,1,0
invalid/train3 (89).jpg,0.99990733579034,i,66,1,0
invalid/train3 (281).jpg,0.9999063443392516,i,67,1,0
invalid/Nude Amateur girls Archives - FitNakedGirls.com.jpg,0.9999038071691756,i,67,1,0
invalid/nude80.jpg,0.9999001942924224,i,67,1,0
invalid/Naked Women Porn   Beautiful Nudes Pics.jpg,0.999893944725045,i,67,1,0
invalid/Luna Pica TheFappening Nude Barefoot (42 Photos)   #The ....jpg,0.9998932212765794,i,68,1,0
invalid/train3 (593).jpg,0.9998920087818988,i,69,1,0
invalid/Free Nude Milf Videos   Hot Mom XXX Movies.jpg,0.9998913467861712,i,69,1,0
invalid/train3 (630).jpg,0.9998904818567098,i,69,1,0
invalid/nude64.jpg,0.9998901207000016,i,69,1,0
invalid/Snapchat Nude Videos   Pics from Top Accounts - Page 2 of 12 ....jpg,0.9998840099433436,i,70,1,0
invalid/Snapchat Nude Videos   Pics from Top Accounts - Page 2 of 11 ....jpg,0.9998840099433436,i,70,1,0
invalid/train3 (343).jpg,0.9998833783902228,i,71,1,0
invalid/Bedroom Galleries   Hegre Art Nudes.jpg,0.999883377517108,i,71,1,0
invalid/Hot teens nude naked young girls..jpg,0.9998832461424172,i,72,1,0
invalid/nude24.jpg,0.9998829741380176,i,72,1,0
invalid/nude60.jpg,0.9998782676411792,i,73,1,0
invalid/Top 40+  Best Nude Selfies   Hottest Naked Selfies (2022).jpg,0.9998737494461238,i,74,1,0
invalid/nude50.jpg,0.9998731911182404,i,74,1,0
invalid/train3 (747).jpg,0.9998716993741256,i,75,1,0
invalid/Nude videos free sex tube girls  women  pornstars..jpg,0.9998711420921608,i,76,1,0
invalid/nude37.jpg,0.9998690828215332,i,76,1,0
invalid/nude09.jpg,0.999867461330723,i,77,1,0
invalid/Public nudity - free nude in public action.jpg,0.9998664632439612,i,77,1,0
invalid/val3 (75).jpg,0.99986468127463,i,77,1,0
invalid/val3 (237).jpg,0.999860679730773,i,77,1,0
invalid/train3 (553).jpg,0.999860209180042,i,78,1,0
invalid/train3 (97).jpg,0.9998567925649696,i,78,1,0
invalid/MELISSA BENOIST Nude - AZNude.jpg,0.9998562483815476,i,78,1,0
invalid/Nudes free video girls  men and pornstars nude..jpg,0.9998543467954732,i,78,1,0
invalid/val3 (392).jpg,0.9998517781350528,i,79,1,0
invalid/Natalia A Nude at Hegre Hunter.jpg,0.9998481855727732,i,79,1,0
invalid/train3 (787).jpg,0.9998478026827796,i,79,1,0
invalid/train3 (106).jpg,0.9998396895243786,i,80,1,0
invalid/train3 (539).jpg,0.9998394548310898,i,80,1,0
invalid/train3 (220).jpg,0.9998362406622618,i,80,1,0
invalid/train3 (549).jpg,0.999834834219655,i,80,1,0
invalid/Compilation of celebrities nude.jpg,0.9998338385485112,i,81,1,0
invalid/Nude Popular Videos - Page 1.jpg,0.999831370456377,i,81,1,0
invalid/Nude In Public Movie 80 - Nude In Public DVD Store.jpg,0.9998302467138274,i,81,1,0
invalid/nude69.jpg,0.9998278267448768,i,82,1,0
invalid/train3 (561).jpg,0.999821447301656,i,82,1,0
invalid/train3 (793).jpg,0.9998209427576512,i,82,1,0
invalid/nude76.jpg,0.9998181455302984,i,82,1,0
invalid/train3 (552).jpg,0.999817321950104,i,83,1,0
invalid/Visual Nude Pose Book Act China Matsuoka (Book ....jpg,0.9998170952312648,i,84,1,0
invalid/Alejandra Guilmant Nude - FitNudeGirls.com.jpg,0.9998138613300398,i,84,1,0
invalid/train3 (738).jpg,0.999810080829775,i,84,1,0
invalid/nude58.jpg,0.9998070116707822,i,84,1,0
invalid/train3 (100).jpg,0.9998032796866028,i,85,1,0
invalid/nude21.jpg,0.9998028862755746,i,85,1,0
invalid/train3 (761).jpg,0.9998016012395964,i,85,1,0
invalid/val3 (7).jpg,0.9997998662292956,i,86,1,0
invalid/val3 (51).jpg,0.999799683020683,i,86,1,0
invalid/val3 (293).jpg,0.9997967220842838,i,86,1,0
invalid/train3 (164).jpg,0.9997898564906792,i,87,1,0
invalid/train3 (91).jpg,0.9997870319057256,i,87,1,0
invalid/nude56.jpg,0.9997758640674874,i,88,1,0
invalid/Nude Girl shows off her Perfect Ass and Rubs her Pussy ....jpg,0.9997750699985772,i,89,1,0
invalid/Buy Sexy Lingerie Cherry Red Women Lingerie Sexy Underwear ....jpg,0.9997702538967131,i,89,1,0
invalid/train3 (290).jpg,0.9997702097753064,i,89,1,0
invalid/nude11.jpg,0.9997690771706402,i,89,1,0
invalid/nude74.jpg,0.9997495295247064,i,90,1,0
invalid/nude performance.jpg,0.9997340978006832,i,90,1,0
invalid/Kahlisa TheFappening Nude Hairy Model From Thailand (77 ....jpg,0.9997251117601992,i,91,1,0
invalid/val3 (8).jpg,0.9997228533029556,i,91,1,0
invalid/nude36.jpg,0.9997207024134696,i,91,1,0
invalid/Tasha in Vintage Nude   Photo 1 of 16.jpg,0.9997160593047738,i,91,1,0
invalid/Nude-parade Porn - BeFuck.Net  Free Fucking Videos   Fuck ....jpg,0.9997100030304864,i,92,1,0
invalid/Naked Teen Girls - Hot Sexy Nude Girls  Young Babes Porn Pics.jpg,0.9997046290664002,i,92,1,0
invalid/train3 (83).jpg,0.999691910110414,i,92,1,0
invalid/Busty naked babes  Solo nude girls pics at Sexy pics galleries.jpg,0.999690886004828,i,92,1,0
invalid/nude86.jpg,0.9996827011927962,i,93,1,0
invalid/train3 (221).jpg,0.999681209679693,i,93,1,0
invalid/NUDE PICTURES ‚Äì DarkNaija‚Ñ¢.jpg,0.999669942073524,i,94,1,0
invalid/Bhabhi N Aunty   Nude Indian girls ‚Ä¢ Indian Girls XXX Photos.jpg,0.9996606393251568,i,94,1,0
invalid/train3 (532).jpg,0.9996527170878836,i,95,1,0
invalid/Nude Goddess at The Beach Porn Pic - EPORNER.jpg,0.9996499859262258,i,95,1,0
invalid/semi-nude woman standing on beach  holding shell in her hand ....jpg,0.9996454883366824,i,96,1,0
invalid/val3 (401).JPG,0.9996445520082488,i,96,1,0
invalid/nude57.jpg,0.9996211405377836,i,97,1,0
invalid/val3 (34).jpg,0.9996183027978988,i,97,1,0
invalid/NUDE PICTURES ‚Äì DarkNaija‚Ñ¢.jpg,0.9996136147528888,i,98,1,0
invalid/train3 (495).jpg,0.9996126144833396,i,98,1,0
invalid/nude model  Search - XNXX.COM.jpg,0.999610583181493,i,98,1,0
invalid/Nude girls Nude Pics Gifs Videos¬∑ Pandesia World.jpg,0.9996081409044564,i,98,1,0
invalid/nude71.jpg,0.999602471012622,i,99,1,0
invalid/val3 (89).jpg,0.9995943944668396,i,99,1,0
invalid/train3 (724).jpg,0.9995913224993274,i,100,1,0
invalid/nude85.jpg,0.999566689133644,i,101,1,0
invalid/val3 (28).jpg,0.9995656432583928,i,101,1,0
invalid/nude83.jpg,0.9995579663664104,i,101,1,0
invalid/Nude Fashion Show Porn Videos   TNAFlix.com.jpg,0.9995561539544724,i,102,1,0
invalid/Nude Beach Porn Videos   Pornhub.com.jpg,0.9995523007819428,i,102,1,0
invalid/train3 (565).jpg,0.9995472041191532,i,103,1,0
invalid/train3 (796).jpg,0.999542550649494,i,103,1,0
invalid/train3 (797).jpg,0.999540280783549,i,104,1,0
invalid/train3 (84).jpg,0.9995400095358492,i,104,1,0
invalid/val3 (22).jpg,0.9995251942891628,i,104,1,0
invalid/Playboy Babes - Playmates  Celebrities  and Amateurs Playing ....jpg,0.9995216741517652,i,104,1,0
invalid/The most beautiful male nudes through the years   Vogue France.jpg,0.9995118216611444,i,105,1,0
invalid/train3 (326).jpg,0.9995064886752516,i,105,1,0
invalid/FULL FRONTAL NUDITY CELEBS VIDEOS FROM ADULT MOVIES.jpg,0.9994968473911284,i,106,1,0
invalid/Free Nude Porn Tube - HD Sex Videos.jpg,0.999496370437555,i,106,1,0
invalid/nude20.jpg,0.9994896154967136,i,107,1,0
invalid/Korean nude.jpg,0.9994749354664236,i,107,1,0
invalid/train3 (790).jpg,0.9994593659648672,i,108,1,0
invalid/Two nude women showing how to lick pussy good ‚Äì Naked Girls.jpg,0.9994375872192904,i,108,1,0
invalid/12 Top Lingerie Influencers   Models - LingerieDiva.jpg,0.9994291067123412,i,108,1,0
invalid/Nude girls pics - Hot Nude Photo Free Hd Download.jpg,0.9994211960583924,i,108,1,0
invalid/Hegre Model Clau Nude   Hegre Art Nudes.jpg,0.9994146667886524,i,109,1,0
invalid/Naked Girls Porn Pics   Hot Nude Women.jpg,0.9994142036885024,i,109,1,0
invalid/nude33.jpg,0.9994140737690032,i,110,1,0
invalid/train3 (81).jpg,0.9994073366979136,i,110,1,0
invalid/nude82.jpg,0.9993857420631684,i,110,1,0
invalid/File Nude couple 01.jpg - Wikimedia Commons.jpg,0.9993823091499509,i,111,1,0
invalid/Casual Nude Hotwife Pics  MILF Flashing Pics  Public Nudity Pics  Real  Amateurs from Google  Tumblr  Pinterest  Facebook  Twitter  Instagram and  Snapchat..jpg,0.9993813512846828,i,111,1,0
invalid/Hot amatuer teen nude fingers on cam - XVIDEOS.COM.jpg,0.9993511827196926,i,111,1,0
invalid/train3 (763).jpg,0.9993450457695872,i,111,1,0
invalid/train3 (612).jpg,0.9993282220093532,i,112,1,0
invalid/val3 (395).jpg,0.9993165750056504,i,112,1,0
invalid/nude62.jpg,0.9993057503597812,i,112,1,0
invalid/train3 (794).jpg,0.9993015992222354,i,113,1,0
invalid/nude10.jpg,0.9993007853627204,i,113,1,0
invalid/Kenyan Nudes; Nude Pics and Videos   Kenya Adult Blog.jpg,0.9992927213315852,i,113,1,0
invalid/train3 (578).jpg,0.999292079708539,i,113,1,0
invalid/nude13.jpg,0.999282839416992,i,114,1,0
invalid/train3 (511).jpg,0.9992683212039992,i,114,1,0
invalid/Joana Gatis nude  Thaissa Cavalcanti nude - Soledad (2015).jpg,0.9992361781187356,i,115,1,0
invalid/Happy nude year  Australia s best places to get naked.jpg,0.9992332416586578,i,115,1,0
invalid/Korean Nude Model Sua Make Model Lingerieless   Opened.jpg,0.9992262320593,i,115,1,0
invalid/Best Nude Xxx Movies - HD Porn Videos  Hot Sex Tube.jpg,0.999216726515442,i,116,1,0
invalid/Amazon.com  Womens Sex Attraction Teddy UnderwearÔºåLace ....jpg,0.9992045015096664,i,116,1,0
invalid/nude08.jpg,0.9991853893734516,i,116,1,0
invalid/Free Nude sex videos.jpg,0.999164320062846,i,116,1,0
invalid/Katarina Meis TheFappening Nude Teen Debut (32 Photos)   #The Fappening.jpg,0.9991630762815475,i,117,1,0
invalid/train3 (531).jpg,0.9991601672954856,i,118,1,0
invalid/val3 (36).jpg,0.9991241991519928,i,118,1,0
invalid/val3 (367).jpg,0.9991241991519928,i,119,1,0
invalid/nude02.jpg,0.9991120211780072,i,119,1,0
invalid/val3 (402).jpg,0.9991032222751528,i,119,1,0
invalid/Nude girls hot videos and movies..jpg,0.9990914696827532,i,119,1,0
invalid/train3 (619).jpg,0.999067606346216,i,120,1,0
invalid/Young Nude  naked teens  nude girls..jpg,0.9990517504047602,i,121,1,0
invalid/train3 (295).jpg,0.9990515899844468,i,121,1,0
invalid/Beautiful Petite Brunette Nude Deep Shadow Stock Photo ....jpg,0.9990468064788728,i,121,1,0
invalid/train3 (618).jpg,0.999044350523036,i,121,1,0
invalid/train3 (762).jpg,0.9990032280329616,i,122,1,0
invalid/train3 (611).jpg,0.998974308022298,i,123,1,0
"invalid/Watch nude asian - Nude, Asian, Striptease Porn - SpankBang.jpg",0.9989409721747506,i,123,1,0
invalid/Watch nude asian - Nude  Asian  Striptease Porn - SpankBang.jpg,0.9989409721747506,i,124,1,0
invalid/train3 (85).jpg,0.9989326102659106,i,124,1,0
invalid/Young nude girl plays with her lovely pussy and her huge  perky breasts ‚Äì  Naked Girls.jpg,0.998874542186968,i,124,1,0
invalid/val3 (250).jpg,0.998869669623673,i,125,1,0
invalid/Indian Girls Nude - Indian Girls Club   Nude Indian Girls.jpg,0.9988236129283904,i,126,1,0
invalid/Naturism - Wikipedia.jpg,0.9988219521474092,i,126,1,0
invalid/nude88.jpg,0.9988201670348644,i,126,1,0
invalid/Nude Indian Girl - Page 3 of 15 - FSI Blog.jpg,0.9987605267670006,i,126,1,0
invalid/train3 (222).jpg,0.9987517558038236,i,127,1,0
invalid/train3 (800).jpg,0.9987512840889394,i,127,1,0
invalid/Nancy A Nude (586) - aka  Nancy A at 1by-day  Eternal Desire  Fitting-room   Hotlegsandfeet.jpg,0.9986485047265888,i,128,1,0
"invalid/Nancy A Nude (586) - aka  Nancy A at 1by-day, Eternal Desire, Fitting-room,  Hotlegsandfeet.jpg",0.9986485047265888,i,129,1,0
invalid/train3 (740).jpg,0.9986320054158568,i,129,1,0
invalid/train3 (498).jpg,0.9986170548945664,i,129,1,0
invalid/train3 (503).jpg,0.9986170548945664,i,129,1,0
invalid/val3 (235).JPG,0.9985628430731596,i,130,1,0
invalid/val3 (71).jpg,0.9985191375017166,i,130,1,0
invalid/train3 (580).jpg,0.9985051890835166,i,130,1,0
invalid/val3 (33).jpg,0.9984716475009918,i,130,1,0
invalid/nude63.jpg,0.9984589186497032,i,131,1,0
invalid/Busty Girl Nude Bath Selfie Mms Video porn tube video.jpg,0.9984384756535292,i,131,1,0
invalid/train3 (171).jpg,0.9983689727960154,i,131,1,0
invalid/Beauties Nude Sexy Nude Pictures.jpg,0.9983497334178536,i,131,1,0
invalid/nude15.jpg,0.9982873117551208,i,132,1,0
invalid/Nude video celebs ¬ª Actress ¬ª Kelsey Gillis.jpg,0.9982769978232682,i,133,1,0
invalid/nude70.jpg,0.9982646405696868,i,134,1,0
invalid/train3 (615).jpg,0.9982509259134532,i,135,1,0
invalid/nude84.jpg,0.9982359977439046,i,135,1,0
invalid/nude39.jpg,0.99823097884655,i,135,1,0
invalid/train3 (614).jpg,0.9982254764181562,i,136,1,0
invalid/Hot girls free nude video..jpg,0.9981636954471468,i,137,1,0
invalid/Beach Nudes Pics - Page 4   Erotic Beauties.jpg,0.998160962946713,i,138,1,0
invalid/nude19.jpg,0.998125437181443,i,139,1,0
invalid/train3 (483).jpg,0.9979568524868228,i,139,1,0
invalid/nude45.jpg,0.9979475494474171,i,139,1,0
invalid/train3 (620).jpg,0.997929929755628,i,140,1,0
invalid/test2 (406).jpg,0.9978608712553978,i,141,1,0
invalid/Nina Serebrova Nude (2 Photos) - FamedOnes  Nude  Hacked ....jpg,0.9976644087582828,i,141,1,0
invalid/Kateryna Nude Model   Free Nude Porn Photos.jpg,0.9975100244628266,i,141,1,0
invalid/val3 (91).jpg,0.9973285445012152,i,141,1,0
invalid/Naked Old Ladies and Mature Porn Pics.jpg,0.9973161634989084,i,142,1,0
invalid/nude35.jpg,0.9972823951393366,i,143,1,0
invalid/nude01.jpg,0.997206300497055,i,143,1,0
invalid/Jocelyn Lee's Older Women in the Nude   The New Yorker.jpg,0.9968688120134176,i,143,1,0
invalid/Jocelyn Lee s Older Women in the Nude   The New Yorker.jpg,0.9968688120134176,i,143,1,0
invalid/Nude Poster.jpg,0.9967543785460292,i,144,1,0
invalid/Ashley Graham poses nude on Instagram   My booty s out .jpg,0.9966952092945576,i,144,1,0
invalid/train3 (526).jpg,0.996602576225996,i,144,1,0
invalid/train3 (694).jpg,0.9965497199445964,i,144,1,0
invalid/nude03.jpg,0.9964279420673848,i,145,1,0
invalid/Free Nude Porn Videos   xHamster.jpg,0.9963222513906658,i,145,1,0
invalid/Hegre Model Milena Nude (aka  Milena Angel)   Hegre Art Nudes.jpg,0.99620009213686,i,145,1,0
invalid/Nata Lee Nude Pictures. Rating   9.68 10.jpg,0.9961976055055856,i,145,1,0
invalid/val3 (76).jpg,0.9961975496262312,i,146,1,0
invalid/Hegre-Art Nude Pics   Erotic Beauties.jpg,0.996086522936821,i,146,1,0
invalid/train3 (815).jpg,0.9959319066256284,i,146,1,0
invalid/val3 (622).jpg,0.995717741549015,i,147,1,0
invalid/train3 (695).jpg,0.995692091062665,i,147,1,0
invalid/Beautiful Sexy Nude Young Woman Tattoo Stock Photo 671232889 ....jpg,0.9956221058964728,i,147,1,0
invalid/ASIAN SECRETARY IN NUDE PANTYHOSE AND HIGH HEELS - XVIDEOS.COM.jpg,0.9955919100902976,i,148,1,0
invalid/Jennifer Lopez Affleck Posed Nude to Announce JLo Body   Glamour.jpg,0.995549976825714,i,148,1,0
invalid/val3 (5).jpg,0.9954889863729476,i,148,1,0
invalid/Ireland Baldwin bares all in completely nude photo as she ....jpg,0.9952320605516434,i,149,1,0
invalid/Goddess Nudes Nude Porn Pics - PornPics.com.jpg,0.9951855465769768,i,150,1,0
invalid/Young Nudes Clips - Nude Clap.jpg,0.9951686710119249,i,150,1,0
invalid/nude61.jpg,0.9949340810999274,i,150,1,0
invalid/Nude Tiktok Porn Videos   Pornhub.com.jpg,0.9947847705334424,i,150,1,0
invalid/train3 (812).jpg,0.994759858585894,i,151,1,0
invalid/train3 (582).jpg,0.9947522208094596,i,151,1,0
invalid/Rear view of a nude young girl standing by a glass door ....jpg,0.9947393303737044,i,151,1,0
invalid/nude55.jpg,0.9947276338934898,i,152,1,0
invalid/train3 (484).jpg,0.9947272886056452,i,152,1,0
invalid/Snapchat Nude Videos   Pics from Top Accounts - FKBAE.jpg,0.9946125578135252,i,152,1,0
invalid/nude05.jpg,0.994488999247551,i,153,1,0
invalid/val3 (182).jpg,0.9944622199982404,i,154,1,0
invalid/Nude video.jpg,0.9940763562917708,i,154,1,0
invalid/nude Straight Male Celebrity And Free black Swag Straight at ....jpg,0.9939689058810472,i,154,1,0
invalid/train3 (640).jpg,0.9939078041352332,i,155,1,0
invalid/nude54.jpg,0.9937310684472322,i,156,1,0
invalid/Nude video celebs ¬ª nude debut.jpg,0.9929987080395222,i,156,1,0
invalid/train3 (259).jpg,0.992943987250328,i,157,1,0
invalid/train3 (256).jpg,0.992943987250328,i,157,1,0
invalid/train3 (255).jpg,0.992943987250328,i,157,1,0
invalid/train3 (253).jpg,0.992943987250328,i,158,1,0
invalid/train3 (225).jpg,0.992943987250328,i,158,1,0
invalid/train3 (583).jpg,0.9926396245136856,i,159,1,0
invalid/train3 (806).jpg,0.9924731208011508,i,160,1,0
invalid/Femjoy presents Nude beauty outdoors compilation.jpg,0.992457315325737,i,160,1,0
invalid/Free Mature Nude Pictures at Ideal Mature .com.jpg,0.992457054555416,i,160,1,0
invalid/Nina Agdal poses totally nude in steamy Instagram pic.jpg,0.9921954795718192,i,160,1,0
invalid/train3 (586).jpg,0.9918393939733504,i,161,1,0
invalid/Siena Nude (46) - aka  Siena at Famegirls  Balla at Goddess ....jpg,0.9914349308237432,i,161,1,0
invalid/Skinny fit 18 year old nude model likes being gagged and fucked ‚Äì Naked  Girls.jpg,0.9914349308237432,i,161,1,0
invalid/File Nude natural.jpg - Wikimedia Commons.jpg,0.991343818604946,i,162,1,0
invalid/val3 (130).jpg,0.9912563879042864,i,163,1,0
underwear/Nude Teen Pics  Teen Nudes - Nerd Nudes.jpg,0.9909673759248108,i,163,1,1
invalid/Popular Posts - Scandal Planet.jpg,0.9906647615134716,i,163,1,0
invalid/train3 (795).jpg,0.9906268212944268,i,163,1,0
invalid/train3 (608).jpg,0.9903827235102654,i,164,1,0
invalid/train3 (597).jpg,0.9897893676534296,i,164,1,0
invalid/Alejandra Guilmant Nude Photos   Videos 2022   #TheFappening.jpg,0.989687941968441,i,164,1,0
invalid/train3 (327).jpg,0.9893818506971002,i,164,1,0
invalid/train3 (598).jpg,0.9888078523799776,i,165,1,0
invalid/train3 (686).jpg,0.9884545914828776,i,165,1,0
invalid/train3 (142).jpg,0.988307286053896,i,166,1,0
invalid/train3 (99).jpg,0.9881498301401734,i,167,1,0
invalid/nude90.jpg,0.9876527609303594,i,167,1,0
invalid/nude89.jpg,0.9874719325453044,i,167,1,0
invalid/nude67.jpg,0.987417963333428,i,167,1,0
invalid/nude25.jpg,0.9867762960493563,i,168,1,0
invalid/train3 (490).jpg,0.9867155645042658,i,168,1,0
invalid/Nude Girls Photos  Nude Art Models Pictures  Hot Sexy Nudes.jpg,0.9861482232809068,i,168,1,0
invalid/nude53.jpg,0.9861402809619904,i,169,1,0
invalid/train3 (588).jpg,0.98555950820446,i,169,1,0
invalid/Amazon.com  CofeeMO Women s Open Crotch Sexy Lingerie Sling ....jpg,0.9853844940662384,i,169,1,0
invalid/train3 (739).jpg,0.984134677797556,i,170,1,0
invalid/train3 (645).jpg,0.9840380642563104,i,170,1,0
invalid/Free Nude Scene Porn Videos   xHamster.jpg,0.9837608966045082,i,171,1,0
invalid/train3 (581).jpg,0.983443483710289,i,171,1,0
invalid/nude77.jpg,0.98341553658247,i,171,1,0
invalid/val3 (179).jpg,0.9820995032787324,i,171,1,0
invalid/nude59.jpg,0.9819919914007188,i,172,1,0
invalid/Wankerson.com   Nude Beach Archived Pictures.jpg,0.981745321303606,i,173,1,0
invalid/Nude flexible girls  naked gymnasts and ballerinas from all over the world.jpg,0.981682396493852,i,173,1,0
invalid/Hilary Duff  It was 'pretty scary' posing nude for magazine shoot.jpg,0.9806366860866548,i,173,1,0
invalid/Hilary Duff  It was  pretty scary  posing nude for magazine shoot.jpg,0.9806366860866548,i,174,1,0
invalid/nude06.jpg,0.980401650071144,i,174,1,0
invalid/train3 (585).jpg,0.9798797070980072,i,174,1,0
invalid/Sofia Vergara goes nude for a National Coffee Day photo shoot.jpg,0.9797912389039992,i,174,1,0
invalid/Nude male wrestling.jpg,0.9789986200630664,i,175,1,0
invalid/Liudmyla Milkavi Fappening Nude Upskirt (44 Photos)   #The ....jpg,0.9777245968580246,i,175,1,0
invalid/Myntra  fixes  Ranveer Singh s nude photoshoot; Internet gives mixed  reaction   Mint.jpg,0.977658599615097,i,175,1,0
invalid/Myntra 'fixes' Ranveer Singh's nude photoshoot; Internet gives mixed  reaction   Mint.jpg,0.977658599615097,i,176,1,0
invalid/val3 (37).jpg,0.9769887030124664,i,176,1,0
invalid/Nude Project launches  Nude Les Femmes   its first exclusive ....jpg,0.97695030272007,i,177,1,0
invalid/Chanel Fenn Nude (90) - aka  Sandra at Amour Angels  Showy ....jpg,0.9764240086078644,i,177,1,0
invalid/nude26.jpg,0.9756477177143096,i,177,1,0
invalid/A liberating high comes with group nudity at Dark Mofo ‚Äì it can turn anyone  into a giggling fool   Dark Mofo   The Guardian.jpg,0.972423704341054,i,178,1,0
invalid/Underwear Model Tapestries   Fine Art America.jpg,0.9724152684211732,i,178,1,1
invalid/train3 (644).jpg,0.9720782190561296,i,178,1,0
invalid/Photographer Spencer Tunick brings latest nude photo project to Mexico.jpg,0.9715932551771402,i,179,1,0
underwear/The Nude Label   NOT JUST A LABEL.jpg,0.9703209223225712,i,180,1,1
invalid/Demi Rose s semi-nude pics make Kim Kardashian and Nicki ....jpg,0.9702729135751724,i,180,1,0
invalid/val3 (110).jpg,0.9699371829628944,i,180,1,0
invalid/train3 (587).jpg,0.9699034243822098,i,181,1,0
invalid/nude49.jpg,0.9686318337917328,i,182,1,0
invalid/Ranveer Singh s nude photoshoot inspires Karan Veer Mehra. Latter poses  naked in throwback pics - Television News.jpg,0.968318037688732,i,182,1,0
invalid/Ranveer Singh s nude photoshoot inspires Karan Veer Mehra ....jpg,0.968318037688732,i,182,1,0
invalid/train3 (584).jpg,0.9682530462741852,i,183,1,0
invalid/Nudity and social media harm girls.jpg,0.9651275165379049,i,183,1,0
invalid/train3 (504).jpg,0.9648975357413292,i,184,1,0
invalid/Real nude beaches exposing the most beautiful nude babes of the Europe! -  XVIDEOS.COM.jpg,0.964888097718358,i,184,1,0
invalid/train3 (639).jpg,0.9642261769622564,i,184,1,0
invalid/Nude Snap  nude twitter   nude instagram Porn Pics.jpg,0.9621027708053588,i,185,1,0
invalid/val3 (317).jpg,0.9616134613752364,i,186,1,0
invalid/Hilary Duff Says It  Was Scary  to Pose Nude.jpg,0.9600981026887894,i,187,1,0
invalid/nude87.jpg,0.9592252224683762,i,187,1,0
invalid/nude47.jpg,0.9589386880397796,i,188,1,0
invalid/train3 (589).jpg,0.9575389325618744,i,188,1,0
invalid/Nude Woman Carrying Nude Man Her Stock Photo 1342682135 ....jpg,0.9571643397212029,i,188,1,0
invalid/Beautiful young nude woman  by Dmitrii Kotin - Mostphotos.jpg,0.95622780919075,i,189,1,0
invalid/nude12.jpg,0.95350619032979,i,189,1,0
invalid/Hot oiled nude girl with stars on her tits enjoys rough naughty outdoor sex  ‚Äì nude girls.jpg,0.9534759558737278,i,189,1,0
invalid/Top-20 Celebrity Nude Debuts   Nudogram ü§©.jpg,0.9511263705790044,i,190,1,0
invalid/Kourtney Kardashian feels most comfortable nude   Metro News.jpg,0.9495459645986556,i,190,1,0
invalid/train3 (410).jpg,0.9479490667581558,i,191,1,0
invalid/train3 (364).jpg,0.9479490667581558,i,191,1,0
invalid/nude18.jpg,0.9431044161319732,i,191,1,0
invalid/Juju Fitcats Leak Nude snap Porn Pics.jpg,0.9420093894004822,i,192,1,0
invalid/Sleeping Nude  Painting by Small Art Gallery Lyubomir ....jpg,0.9350644946098328,i,192,1,0
invalid/Nude Women Free Viedows - Nude Clap.jpg,0.9346322678029536,i,193,1,0
invalid/Nudes wear masks in Spencer Tunick installation - BBC News.jpg,0.9321448765695096,i,194,1,0
invalid/Hegre Model Hera Nude   Hegre Art Nudes.jpg,0.92896250449121,i,194,1,0
invalid/Melania Trump topless  nude photo shoot   British GQ ....jpg,0.9270062446594238,i,194,1,0
invalid/Nude recreation - Wikipedia.jpg,0.9140761569142342,i,195,1,0
invalid/Nude Girl   Gwen John  1909‚Äì10   Tate.jpg,0.9119406826794147,i,195,1,0
invalid/Pregnant Sharna Burgess Poses Nude Ahead of Due Date  Photo.jpg,0.909660577774048,i,195,1,0
invalid/Women In The Nude porn videos at Xecce.com.jpg,0.9094349965453148,i,196,1,0
invalid/Willa Fitzgerald nude - Reacher s01e04 (2022).jpg,0.8985805027186871,i,196,1,0
invalid/nude Office at Gay Male Tube.jpg,0.8974968176335096,i,197,1,0
invalid/7 Of 9 Nude Porn Videos - NailedHard.com.jpg,0.8876583874225616,i,197,1,0
underwear/Urfi Javed   Nude Photoshoot   Ranveer Singh-Urfi Javed s ....jpg,0.8803545814007521,i,198,1,1
invalid/Nude video celebs ¬ª see thru.jpg,0.8759164959192276,i,198,1,0
invalid/train3 (799).jpg,0.8702238351106644,i,198,1,0
invalid/train3 (363).jpg,0.8488953560590744,i,198,1,0
invalid/val3 (139).jpg,0.8480031043291092,i,199,1,0
invalid/Non Nude Porn Pics  Hot Sexy Non Nude Girls - PornPics.com.jpg,0.8158518671989441,i,200,1,0
invalid/Girl with perfect body doing nude  Hurry up! I m ready ....jpg,0.8081580102443695,i,200,1,0
invalid/Ashley Graham poses nude for Spanx months after twins  birth.jpg,0.8034576773643494,i,200,1,0
invalid/val3 (140).jpg,0.7845347411930561,i,201,1,0
invalid/Nude Photography  Think About Light  Composition  and ....jpg,0.724514052271843,i,201,1,0
invalid/Nude Photography  Think About Light  Composition  and Consent   Learn  Photography by Zoner Photo Studio.jpg,0.724514052271843,i,201,1,0
invalid/a nude a day keeps the COVID-19 away they say Porn Pic - EPORNER.jpg,0.6965543907135725,i,202,1,0
invalid/val3 (171).jpg,0.6878978461027145,i,202,1,0
invalid/Ariel Nude Shoot - Hegre.com.jpg,0.6726439833641052,i,202,1,0
invalid/train3 (489).jpg,0.6710813082754612,i,202,1,0
invalid/Free Images   nude men  naked man  sexy  sex  sexuality ....jpg,0.6698732376098633,i,203,1,0
invalid/Watch Japanese Nude - Iioka Kanako  Kanako Iioka  Japanese Nude Porn -  SpankBang.jpg,0.64065320789814,i,203,1,0
invalid/amateur nude' Search - XNXX.COM.jpg,0.6244824193418026,i,203,1,0
invalid/amateur nude  Search - XNXX.COM.jpg,0.6244824193418026,i,204,1,0
invalid/train3 (541).jpg,0.6066670417785645,i,205,1,0
invalid/val3 (95).jpg,0.5986267179250717,i,205,1,0
invalid/nude52.jpg,0.582155391573906,i,205,1,0
underwear/Hot And Sexy Nudes.jpg,0.5649406611919403,i,205,1,1
underwear/How to Take Nude Photos - Sexting Tips   Allure.jpg,0.5626798868179321,i,206,1,1
invalid/train3 (133).jpg,0.5581272393465042,i,207,1,0
invalid/Nude photo series recaptures the spirit of the original Glastonbury    Creative Boom.jpg,0.5445364117622375,i,207,1,0
invalid/val3 (170).jpg,0.5159026645123959,i,207,1,0
invalid/Lorraine nude.jpg,0.5047273486852646,i,207,1,0
invalid/BuzzFix  Why Ranveer Singh s Masculinity Redefining Nude Shoot Does Not  Insult Women s Modesty.jpg,0.4875268638134,i,208,1,0
underwear/Kim Kardashian poses in nude swimsuit and silver jewelry.jpg,0.3980162627995014,i,208,1,1
invalid/Fashion Nova showcases their  Ultra Thong  swimsuit ‚Å†.jpg,0.3592292368412018,i,208,1,0
underwear/Elizabeth Olsen Nude ULTIMATE COLLECTION [2022] - Scandal Planet.jpg,0.3431285470724106,i,208,1,1
invalid/Emma Watson Nude (4 Photos)   #TheFappening.jpg,0.3349818140268326,i,209,1,0
invalid/train3 (536).jpg,0.3174919784069061,i,209,1,0
invalid/nude51.jpg,0.3157975003123283,i,210,1,0
invalid/Kunal Verma takes  inspiration  from Ranveer Singh  poses ....jpg,0.2954385504126549,i,211,1,0
underwear/Sea Mountain Nude Resort Inn And Spa Hotel in Palm Springs ....jpg,0.177486265078187,i,211,1,1
invalid/You wish...nude females ¬ª Hottest posts   Sharesome.jpg,0.1479445733129978,i,212,1,0
invalid/nude46.jpg,0.1466988902539014,i,212,1,0
invalid/Tiril Eckhoff Nude Leaked tehfappeningblog.com 1 - fappenPics.jpg,0.1291240788996219,i,213,1,0
underwear/Nude women laughing  portrait stock photo.jpg,0.1107297614216804,i,214,1,1
valid/001388D257F0EAB4D0BCBAD02FCA646B.jpg,0.0,v,215,0,1
valid/001816724F5A947EC1D10F67DD061763.jpg,0.0,v,215,0,1
valid/0023FA8336965FB12E33B4F74D55CC7A.jpg,0.0,v,215,0,1
valid/0034A368AAF70122C84E88A4BF646911.jpg,0.0,v,215,0,1
valid/003FE38593741F4BBD147A15AC85D7BC.jpg,0.0,v,215,0,1
valid/005AE03774E679817D9BFBBD62D0784B.jpg,0.0,v,215,0,1
valid/0070E7C732070A78C888AA77E808510E.jpg,0.0,v,215,0,1
valid/007D55AC5EEC996FEAB49E8BC36E140B.jpg,0.0,v,215,0,1
valid/00B3C23C480D18851C92F43127E19C52.jpg,0.0,v,215,0,1
valid/00B73F11188C9C2607ED11465F5940A1.jpg,0.0,v,215,0,1
valid/011A7FE99CE048FF9CAC357B55A4C4D5.jpg,0.0,v,215,0,1
valid/012474879CE3D0A0EF76136B4B402564.jpg,0.0,v,215,0,1
valid/014EC4D6FE26444224CF1A0705113AF8.jpg,0.0,v,215,0,1
valid/014FFB25D74BE6E7BCEFAC3FFEFA4261.jpg,0.0,v,215,0,1
valid/0194365621FCB88F32E375C44EC4FE2E.jpg,0.0,v,215,0,1
valid/01CA5192693C0B915819D14BB75E4509.jpg,0.0,v,215,0,1
valid/01D52D5FDBCC2D3C0DB8FCFC8038F3EC.jpg,0.0,v,215,0,1
valid/01EA515024090317B5F8E9C6372E7399.jpg,0.0,v,215,0,1
valid/020A98F4041C1D2BC2EC258A3433B96C.jpg,0.0,v,215,0,1
valid/020A9F20B54226B30CCA8AA71CD12FA7.jpg,0.0,v,215,0,1
valid/020E01FDAA6DA6AC98CF01938BD72609.jpg,0.0,v,215,0,1
valid/023E0D6F2D65A09533C093521671F109.jpg,0.0,v,215,0,1
valid/025034A60070D42D18E41B66598212CC.jpg,0.0,v,215,0,1
valid/02613B99BB2D2E49743067AABCC1ADBB.jpg,0.0,v,215,0,1
valid/02664091AE0F73925FCE4816384DE8FF.jpg,0.0,v,215,0,1
valid/0289C2CA99EFD6BF5949F74A820986DF.jpg,0.0,v,215,0,1
valid/02933FBDBB541935DB914F1D0359F45A.jpg,0.0,v,215,0,1
valid/02A23B3E3027939E8E503C3E7D02188F.jpg,0.0,v,215,0,1
valid/02B470A62E8B7D0AB2C146246F6DC3B2.jpg,0.0,v,215,0,1
valid/02C5FC168B122D9588DB19A476878931.jpg,0.0,v,215,0,1
valid/02DA2EDB76EF0C02507E68A89D702291.jpg,0.0,v,215,0,1
valid/02DB3CEC36BB91B4423ACE339DA18A64.jpg,0.0,v,215,0,1
valid/02DC0F78ED6E2EC2D8A2E5988BA63E0E.jpg,0.0,v,215,0,1
valid/03151008198C0671797999B6E2EEA78A.jpg,0.0,v,215,0,1
valid/034E3DEACA22827EA14D2AB80A49117F.jpg,0.0,v,215,0,1
valid/035D2C77EA4DC3DF922C11BF2C84370F.jpg,0.0,v,215,0,1
valid/03628382B5DDAE91D7F370AD1CDFA95B.jpg,0.0,v,215,0,1
valid/0368E4EADCFFE062366AC963FDD14ACE.jpg,0.0,v,215,0,1
valid/03795DDA84C53DEBE4D90D222D094001.jpg,0.0,v,215,0,1
valid/03799FE57E46A501E332135966A0AAC4.jpg,0.0,v,215,0,1
valid/0399F8B02DCC3A8F228321D5F0680D3C.jpg,0.0,v,215,0,1
valid/03B17F8B417CBEC2889850D87431E7FA.jpg,0.0,v,215,0,1
valid/03B5DB0A7DAD2858B4D9C64A02DBCFE8.jpg,0.0,v,215,0,1
valid/03C64AA12FECBE64B7135BBE5026E712.jpg,0.0,v,215,0,1
valid/03CCA696D4512D19C84707F8D8F4C078.jpg,0.0,v,215,0,1
valid/03D0579812077BC3DEF47E6779270CE0.jpg,0.0,v,215,0,1
valid/03D261A663A4CFBB14C4A54FACED1FC2.jpg,0.0,v,215,0,1
valid/043E86E29C4095B0E095AED11CFE9A89.jpg,0.0,v,215,0,1
valid/045AA5C72FA618F9B5AE6461D26CE1CD.jpg,0.0,v,215,0,1
valid/04618157B2B7564609F759E3320516D7.jpg,0.0,v,215,0,1
valid/04696D36F3A1C29E6B15D5009BC6498F.jpg,0.0,v,215,0,1
valid/046AA6A54D92F443F42B9BE6F6CC5E4A.jpg,0.0,v,215,0,1
valid/04856C61122B191A7F1A8D39EAF423E4.jpg,0.0,v,215,0,1
valid/04A261D2F3C1AB2D4EB4D46AB4816E13.jpg,0.0,v,215,0,1
valid/04BFF81979A509D44912EF48D0D27722.jpg,0.0,v,215,0,1
valid/04D37515DD19E582FBA1AB456AC8F94C.jpg,0.0,v,215,0,1
valid/04D8182B3E08DEA0DF72A21D2F195596.jpg,0.0,v,215,0,1
valid/04E793C9DE801247B07755879B58094D.jpg,0.0,v,215,0,1
valid/050141F4FA788BB53A68554D0AF10157.jpg,0.0,v,215,0,1
valid/050A0B87826CFD4A446975F79854DE4A.jpg,0.0,v,215,0,1
valid/050C453538A6BEAFB75A2A2F238E4527.jpg,0.0,v,215,0,1
valid/05116A525E57B9DC1E51A9D4577668A3.jpg,0.0,v,215,0,1
valid/051185EC85E91A944FF08762387EF6AB.jpg,0.0,v,215,0,1
valid/05191767ACA669EAEAFA7C97AB875CDE.jpg,0.0,v,215,0,1
valid/053182AB2E3D901681FD901962D42722.jpg,0.0,v,215,0,1
valid/0588BF9761A88F46833B1651C1C8F903.jpg,0.0,v,215,0,1
valid/0595BA96310A559735F6C2C27C443FB4.jpg,0.0,v,215,0,1
valid/05A1D08B7290F7AB48FA92A62F1DC7E9.jpg,0.0,v,215,0,1
valid/05C0EDF60514ABD64E82A250DBF2075D.jpg,0.0,v,215,0,1
valid/05DF4293AA9352B2674AB76268D7B395.jpg,0.0,v,215,0,1
valid/05E39750C914497189ECEB6701990066.jpg,0.0,v,215,0,1
valid/05F61FBE02F100273A6A483929FC02BD.jpg,0.0,v,215,0,1
valid/063EF07C38A17AC4DC61B0614314A216.jpg,0.0,v,215,0,1
valid/0644619D0D0FAA68971CF6DFED732820.jpg,0.0,v,215,0,1
valid/064DD7C6E3624918F5D198BBD7FE92CE.jpg,0.0,v,215,0,1
valid/0655EF4EF3DB15E76D1A180CFF4B2CA0.jpg,0.0,v,215,0,1
valid/0668280695132E75CB53765C245DB490.jpg,0.0,v,215,0,1
valid/067B26B064500AA0B58AEBDE6B1981F0.jpg,0.0,v,215,0,1
valid/0685E1067A3E2A61A7EB0118B5FA0031.jpg,0.0,v,215,0,1
valid/06A0A9A0158321BE129D4B9BDAE57194.jpg,0.0,v,215,0,1
valid/06F0A5CAEF129EEFF42F53D8CFA68FC8.jpg,0.0,v,215,0,1
valid/06FBA1AD502E1BE3A75A1B3FA5ED0DB4.jpg,0.0,v,215,0,1
valid/07005A9F7DED65C7C999909F84616FD4.jpg,0.0,v,215,0,1
valid/070D7E1F2C336273D70EE28051566644.jpg,0.0,v,215,0,1
valid/071BE2DE29B071FBDA9A471BE9C42E98.jpg,0.0,v,215,0,1
valid/071E4B9F3095377E8A865D6FDFE714D3.jpg,0.0,v,215,0,1
valid/0720A046120D0192597E160F2E447E98.jpg,0.0,v,215,0,1
valid/072FF0EBE16FCF783CA661C19DCDCE5B.jpg,0.0,v,215,0,1
valid/0732D6B36C5994E0ED1F7191E2575D0C.jpg,0.0,v,215,0,1
valid/07577D5B180BD2CB60E2947F92374CA8.jpg,0.0,v,215,0,1
valid/075C9E299A9306928C508E1392A20933.jpg,0.0,v,215,0,1
valid/076DDCFEE7142B124E60F05426B6F9F5.jpg,0.0,v,215,0,1
valid/07A749E8F91192737DEAD39AB234736F.jpg,0.0,v,215,0,1
valid/07E1E68C75CF7F2F110E191326345374.jpg,0.0,v,215,0,1
valid/07EEF7FF0AB3CAFABD83AC7FAA28209D.jpg,0.0,v,215,0,1
valid/07FE5342F9471365CE10AB122965EF47.jpg,0.0,v,215,0,1
valid/080704BF0FE7A37B66910ACE968BE66C.jpg,0.0,v,215,0,1
valid/081A811BD257BDCA5078928FC4E1A131.jpg,0.0,v,215,0,1
valid/086FCFEB1256E912414B1AF5D01F2E7B.jpg,0.0,v,215,0,1
valid/087056218BFB1CC3465D99BF8F565F89.jpg,0.0,v,215,0,1
valid/089853775D374CC7DC4C493CA176B126.jpg,0.0,v,215,0,1
valid/08B00896D8BDA108FE8CE6F92A9B25A5.jpg,0.0,v,215,0,1
valid/08B43745F95C80BF8B03CA743F9A1C25.jpg,0.0,v,215,0,1
valid/08C4B29C9AF5F3C696A4FB632939B5F2.jpg,0.0,v,215,0,1
valid/090A150D37E3F820454E00D9DFCB6D92.jpg,0.0,v,215,0,1
valid/094C82C8CF71D70E8B156F2471B546F6.jpg,0.0,v,215,0,1
valid/095FCCAC738541920D040038024DF44D.jpg,0.0,v,215,0,1
valid/096D6112902F2EC28D11D95482932FB4.jpg,0.0,v,215,0,1
valid/096EC7FC87C762C00ACD860DC6D83D41.jpg,0.0,v,215,0,1
valid/096F23B59035729515979741FC28FB76.jpg,0.0,v,215,0,1
valid/098D6AF6F6C9062CF10FD3CF99240600.jpg,0.0,v,215,0,1
valid/09B2AE819453F362924CC9C8B5B69605.jpg,0.0,v,215,0,1
valid/09B4FF9F1D0D1E40F9B62D2326C26160.jpg,0.0,v,215,0,1
valid/09C517086EB8259B0A992A24201F682B.jpg,0.0,v,215,0,1
valid/0A1E8188044E7FB30FA15B7E2C279100.jpg,0.0,v,215,0,1
valid/0A1EE556646E6F2602A03010256A7872.jpg,0.0,v,215,0,1
valid/0A4083889BCE067016EE2211A4DF656D.jpg,0.0,v,215,0,1
valid/0A47EF5112F30D8C23835BDAABC6349D.jpg,0.0,v,215,0,1
valid/0A4E9FAE1CF4EF5A8955231449C97A29.jpg,0.0,v,215,0,1
valid/0A68A163E7201AB2B7F42AB67D45D0C8.jpg,0.0,v,215,0,1
valid/0A8CDE664C28BF35D7E990D30C00ABB1.jpg,0.0,v,215,0,1
valid/0A8ED90AB97C12AE473F9B93C3DE6AFA.jpg,0.0,v,215,0,1
valid/0AB3ABA9966CA62CEA3BD3D073B6173E.jpg,0.0,v,215,0,1
valid/0ABC573F78C52936E304676721955084.jpg,0.0,v,215,0,1
valid/0ACE083859131F5FB0D29FC161F494A7.jpg,0.0,v,215,0,1
valid/0B1697137D1939B036668FEA3F62AFF2.jpg,0.0,v,215,0,1
valid/0B20FD2EF3742D5E02F5E8AFF4C99BCD.jpg,0.0,v,215,0,1
valid/0B395C3F7A159ADA2AF83F8DAF916983.jpg,0.0,v,215,0,1
valid/0B4EBC8D69D1B1E9D8544C7D04F9267E.jpg,0.0,v,215,0,1
valid/0B6E30DE90B0FFCF04BB731D426719B0.jpg,0.0,v,215,0,1
valid/0BB13C15533C3C16E8A95E660D02F9DF.jpg,0.0,v,215,0,1
valid/0BFBD6164458BE890E6C8DCB3F625F6F.jpg,0.0,v,215,0,1
valid/0C2EAD594B90759D81752340AFF28509.jpg,0.0,v,215,0,1
valid/0C2F5BCFFD665B6724C4E62750369912.jpg,0.0,v,215,0,1
valid/0C47CF52771F27AE464BF26E37210093.jpg,0.0,v,215,0,1
valid/0C4E4C9DF2E48FA1E9CE039B06778D54.jpg,0.0,v,215,0,1
valid/0C580BD05D8812D4F15B164DF129B61D.jpg,0.0,v,215,0,1
valid/0C615B17E00E016AB412A8F7384FD934.jpg,0.0,v,215,0,1
valid/0C63BC1483B7950C29A0C28E41F78E11.jpg,0.0,v,215,0,1
valid/0C969908A56C05C70D22C83850D14A59.jpg,0.0,v,215,0,1
valid/0CC2B6EF15B58AF934DEB65CA5CCA61D.jpg,0.0,v,215,0,1
valid/0CCB3091105E1573665F66398A8D4C23.jpg,0.0,v,215,0,1
valid/0CEE9FE29DE2AE15EC189B48DC371F63.jpg,0.0,v,215,0,1
valid/0CF7BF52EC2679F3638A2695D67F772D.jpg,0.0,v,215,0,1
valid/0D044A09EC881D6F1FDFC917B6014BE1.jpg,0.0,v,215,0,1
valid/0D19B1426CE5D7B560CE1860480EA4A9.jpg,0.0,v,215,0,1
valid/0D4D53167738AE693708AE6B9061EF0F.jpg,0.0,v,215,0,1
valid/0D521807017BFDCA94E89A627B37C673.jpg,0.0,v,215,0,1
valid/0D57815D95110482A405637A23FD4F06.jpg,0.0,v,215,0,1
valid/0D5812A184620F9223CD54EDB22EABE0.jpg,0.0,v,215,0,1
valid/0D5B102DEA5B5CDDA05F7A58E713C0F0.jpg,0.0,v,215,0,1
valid/0D5BB9DEB976F8B74B759C1435AE8C42.jpg,0.0,v,215,0,1
valid/0D660B660056042AB119A6EFC946BABA.jpg,0.0,v,215,0,1
valid/0D6E2D40616A91B83F28D2EC13FE309B.jpg,0.0,v,215,0,1
valid/0D7257EBFE5399B7378C2B30A6E352C1.jpg,0.0,v,215,0,1
valid/0D92A6E77292D99BCAB5A75FABD271BE.jpg,0.0,v,215,0,1
valid/0D964ECC3F8DA63A65850B018274C9F2.jpg,0.0,v,215,0,1
valid/0DA9B142739FE4E744C4FCF741088DC8.jpg,0.0,v,215,0,1
valid/0DAE613BC6DDC1350DD967677C857488.jpg,0.0,v,215,0,1
valid/0DB3A4332B47A0B2F642C3172B49AC9A.jpg,0.0,v,215,0,1
valid/0DC9B4EE7EDE83C12BCC84E41B2674CE.jpg,0.0,v,215,0,1
valid/0DCE494A4DC578406B51A9959FA60E92.jpg,0.0,v,215,0,1
valid/0DDCBE7971BA965A8157DF9C1A05BC32.jpg,0.0,v,215,0,1
valid/0DED1BCFC7E73E4214FDBE4B1204BC65.jpg,0.0,v,215,0,1
valid/0E2D4C951B0E3DD82029199977EEBF02.jpg,0.0,v,215,0,1
valid/0E3A82C4658656600E43038857915BF2.jpg,0.0,v,215,0,1
valid/0E5705FD5AED625AF868839DB4810AC3.jpg,0.0,v,215,0,1
valid/0E57A208734951FA10AE1615D2705CDF.jpg,0.0,v,215,0,1
valid/0E629536D9D8A8CBB5FABE58E8B3C9E5.jpg,0.0,v,215,0,1
valid/0E6D4DC100D730790F5E09FE8EEDF6CB.jpg,0.0,v,215,0,1
valid/0E784C10F5A4D9DA3663B81D0E5C6087.jpg,0.0,v,215,0,1
valid/0E81812B9478EB7F9555004C788BDAAB.jpg,0.0,v,215,0,1
valid/0E8D4C552A08EBD1F1F753B0565D36A3.jpg,0.0,v,215,0,1
valid/0E91B5B6987595444F6B9FE775833857.jpg,0.0,v,215,0,1
valid/0E9FE7327B559F446948EC5E1D4F8438.jpg,0.0,v,215,0,1
valid/0ED7EB672C2CA92780D041DAB48BB3A5.jpg,0.0,v,215,0,1
valid/0EFC8EF82065F6626F03C2A3B61C8F19.jpg,0.0,v,215,0,1
valid/0F1F526B8B448D1401AF17E2F4BF6FB8.jpg,0.0,v,215,0,1
valid/0F34278B9B02169CAC51396EFA956DF2.jpg,0.0,v,215,0,1
valid/0F3A9566921B45CAF189BDCD7F8108A9.jpg,0.0,v,215,0,1
valid/0F708CCAD6D720C877019024B3E7A032.jpg,0.0,v,215,0,1
valid/0FA204DBE23371C81A606FCC66166C24.jpg,0.0,v,215,0,1
valid/0FA930897E50C675AC7F18CC2ED5E7C8.jpg,0.0,v,215,0,1
valid/0FBF798097EAB9D81C2FF83564F9E100.jpg,0.0,v,215,0,1
valid/0FC0951AA4D9F6C68075EBA6FF49ECFF.jpg,0.0,v,215,0,1
valid/0FCBE7631F80C8F0EF120B5DCF500AB3.jpg,0.0,v,215,0,1
valid/0FE6C5F0AF594DD124531B0F36CC28C0.jpg,0.0,v,215,0,1
valid/0FF82354470D0BF48327BA530264BEFC.jpg,0.0,v,215,0,1
valid/102E38E53E097D782879284BBF31F29C.jpg,0.0,v,215,0,1
valid/1037FF510D2AE1AFCD3AF7ACF9BE4292.jpg,0.0,v,215,0,1
valid/103AE34D4EB59AA6A268293EA7A6C1DB.jpg,0.0,v,215,0,1
valid/10531D67A2CB055BCE45C1B877112961.jpg,0.0,v,215,0,1
valid/105E93DE1658D3F082CDC3B0278D9FC1.jpg,0.0,v,215,0,1
valid/10B9F6D4F5E55D5251B40100B0E832F1.jpg,0.0,v,215,0,1
valid/10E5BCB6921E73FD0823D34456A9579C.jpg,0.0,v,215,0,1
valid/10EEAAA21E069AFC58CD97F2503FB544.jpg,0.0,v,215,0,1
valid/10FD9935A6BA5C0B917326D75E39348A.jpg,0.0,v,215,0,1
valid/11064316A6374D9180039468CFD4B6AE.jpg,0.0,v,215,0,1
valid/1143FA436E7B9CB445CEA0A3553002E1.jpg,0.0,v,215,0,1
valid/115C15944444AE3F83F4512FBD21C39C.jpg,0.0,v,215,0,1
valid/1171121D1B18CFB20B5FE8D24D4F997A.jpg,0.0,v,215,0,1
valid/11A701E5EA067B088EEF5AC9504A6E97.jpg,0.0,v,215,0,1
valid/11ABCCB5F8AC68B5D475C07E555BBE2C.jpg,0.0,v,215,0,1
valid/11B2C5806CE0F29CBCDB1771120DB250.jpg,0.0,v,215,0,1
valid/11DCD1CFE32DE076EAE971E2AF964A27.jpg,0.0,v,215,0,1
valid/12052A4F400B7DB6A625BF67F28A6DE2.jpg,0.0,v,215,0,1
valid/120BE2D6EB64C4E1F2AE54559A0EECF9.jpg,0.0,v,215,0,1
valid/1225A185C506CAF6E5A10715670FFCDB.jpg,0.0,v,215,0,1
valid/1265DBD3D1FAC1D7E2CD570126A55405.jpg,0.0,v,215,0,1
valid/12844B422552922519EFBEBA46952F89.jpg,0.0,v,215,0,1
valid/129A57AD747D0B6D02195622B7D73E3B.jpg,0.0,v,215,0,1
valid/12A0AF60E70117F6824AE01F6F59CEA2.jpg,0.0,v,215,0,1
valid/12B8305390A857F4531215BE4ACA415A.jpg,0.0,v,215,0,1
valid/12C35FC9CCB252DC237ED8E11B7025AE.jpg,0.0,v,215,0,1
valid/12F1E77C48D2D73BC6EB78133F54D75B.jpg,0.0,v,215,0,1
valid/13065A6FC84BF67BF8B0BADF54B6A063.jpg,0.0,v,215,0,1
valid/13080CB9512FF3B4C69235DA2B41922F.jpg,0.0,v,215,0,1
valid/1336CB3A47AF5BD53FBEC42CC14A39A2.jpg,0.0,v,215,0,1
valid/135B6773FA04FFF641ED6FEBBE4DDB54.jpg,0.0,v,215,0,1
valid/1362CF5033C62D2CB5337872ED0E9312.jpg,0.0,v,215,0,1
valid/136BCE5BD04C776D923CA3F11CDB64BA.jpg,0.0,v,215,0,1
valid/139F1F2D309A17F3F721111469FFBC5E.jpg,0.0,v,215,0,1
valid/13B2DD16545ADC7E9322A27CC9CBF98C.jpg,0.0,v,215,0,1
valid/13D6104472DEDC6AAA7AE98BB0807F5F.jpg,0.0,v,215,0,1
valid/13DE26F2EA22F2B0584D8E7D55101A89.jpg,0.0,v,215,0,1
valid/13E59F23912CC09AC2B546F70306E32F.jpg,0.0,v,215,0,1
valid/13ED022410ADBB38CE4500CEB37C9A29.jpg,0.0,v,215,0,1
valid/14028C206A63BF2BEB5B4A2B6009584A.jpg,0.0,v,215,0,1
valid/140384D58DF52FEEA9C9BE9BDF9F7B7B.jpg,0.0,v,215,0,1
valid/1417A3B9698D868D7820721FB55E7FE1.jpg,0.0,v,215,0,1
valid/141A59BA6A96FE2C6205D17A02C78527.jpg,0.0,v,215,0,1
valid/14200A08C4207909A2D51ED28D7EED35.jpg,0.0,v,215,0,1
valid/14465F77D685FCE6E1F54E18E9181231.jpg,0.0,v,215,0,1
valid/144F09FFCA48861B14EFA2C4E181840D.jpg,0.0,v,215,0,1
valid/14560B4234E2DA1C68397C49741CAF33.jpg,0.0,v,215,0,1
valid/145E7399D9EABE27794F9A20727D6D5A.jpg,0.0,v,215,0,1
valid/1460B388B32B3E8AB525DD4B2455DE35.jpg,0.0,v,215,0,1
valid/1465187FAAF4EAC046D20CDF5E54A743.jpg,0.0,v,215,0,1
valid/146520BF540840E57415225C0C376D5D.jpg,0.0,v,215,0,1
valid/148723522C8D2D1C88EA59C49ED3265F.jpg,0.0,v,215,0,1
valid/14B5D432F79431FB9EB105B5FFD47386.jpg,0.0,v,215,0,1
valid/14BE80171D4846B50C69CDC08EC6BC4B.jpg,0.0,v,215,0,1
valid/14BEA00234B2C837EFC14DF5E5BBD898.jpg,0.0,v,215,0,1
valid/14C0913462EF9EE80E27E41D8FFA588D.jpg,0.0,v,215,0,1
valid/14CEA62CEB71AB96F03553D862AA0654.jpg,0.0,v,215,0,1
valid/14DDC58340A58828AD084EB0D28CB9C5.jpg,0.0,v,215,0,1
valid/14E61E276C35B09038569900B7EE0815.jpg,0.0,v,215,0,1
valid/14ED1D5BE0C90038464F4260649C8230.jpg,0.0,v,215,0,1
valid/14F1AE190736EFB500F5170842393F75.jpg,0.0,v,215,0,1
valid/151616DB7F2C4F1278934FFA1E239F37.jpg,0.0,v,215,0,1
valid/154427C32B3715259790A570BBC7F9D7.jpg,0.0,v,215,0,1
valid/1547FE8160949AA8318AF4F2D8B1A31E.jpg,0.0,v,215,0,1
valid/154A62E6E5E5CB0F3C0039EF5F0C273F.jpg,0.0,v,215,0,1
valid/1568DCACDB85A4514DD2A6A2BD665524.jpg,0.0,v,215,0,1
valid/1574557F740824FBA7553E17787CAC04.jpg,0.0,v,215,0,1
valid/158132DD98B1285A826C8AF71423BE92.jpg,0.0,v,215,0,1
valid/1594D92D44C41E71FCCA4D86DC0950B4.jpg,0.0,v,215,0,1
valid/159D86FCE45471549E19E8EB5C0A9BEF.jpg,0.0,v,215,0,1
valid/15AED0C4E782379F181C7D2081142B25.jpg,0.0,v,215,0,1
valid/15D5E7AD293D116ED9E193A1629DBB03.jpg,0.0,v,215,0,1
valid/15DEFCF6D47BEDB37C028F1AD9E8FE20.jpg,0.0,v,215,0,1
valid/15FC77F9E09C26ED4D362388C4289C60.jpg,0.0,v,215,0,1
valid/1650FD57BA764470EBB790A5451B1208.jpg,0.0,v,215,0,1
valid/167682AECB65F889CF848E115552EDD4.jpg,0.0,v,215,0,1
valid/16BDBAC7869CC0C28809AC0517F4AEB4.jpg,0.0,v,215,0,1
valid/16CB2E61DF44A65F53F86B3AC5D4A30F.jpg,0.0,v,215,0,1
valid/173360D8CE6A136D72890D662C68BA3F.jpg,0.0,v,215,0,1
valid/174D2E3D1BC17713C13A51D7897F8690.jpg,0.0,v,215,0,1
valid/178A59AD72A145A82321ECF5DA5EC087.jpg,0.0,v,215,0,1
valid/17BE3FD45AD475B9B85A90AE55475046.jpg,0.0,v,215,0,1
valid/17BECAB37FE3F2A783878443BA4F85E3.jpg,0.0,v,215,0,1
valid/17C540259DD4F6EB87DD4EB58028B00F.jpg,0.0,v,215,0,1
valid/17C642BAF36D3793E150682673E908E3.jpg,0.0,v,215,0,1
valid/17CFFD0AEDEDC4479180EDADF32A5C3F.jpg,0.0,v,215,0,1
valid/17EFC350FB378A1EEAF4B00EB9A1B96C.jpg,0.0,v,215,0,1
valid/180CF60D2D0769644B999E770E49FFB6.jpg,0.0,v,215,0,1
valid/18244139B1F70765B624A1A615D530A6.jpg,0.0,v,215,0,1
valid/182E7C3E18CAE978A81C5E9E335CCE47.jpg,0.0,v,215,0,1
valid/1851D19AE8D5B87C3867944DF14D061B.jpg,0.0,v,215,0,1
valid/1882BD92174B857D5945F6CE2330A8D3.jpg,0.0,v,215,0,1
valid/18B4544D7CF807E268FF01330908C656.jpg,0.0,v,215,0,1
valid/1929CC91C40AC42EB4776008B31589C5.jpg,0.0,v,215,0,1
valid/195EA88814876A1F0DBA46BE61774972.jpg,0.0,v,215,0,1
valid/198B013E1972C2B3199F77A434B0A26C.jpg,0.0,v,215,0,1
valid/19A1C939ABF45F10383455A273124E3B.jpg,0.0,v,215,0,1
valid/19CCB7ECD788F65C52B7FE476715888B.jpg,0.0,v,215,0,1
valid/19D16D41E59BC7E83F440151B812A4AF.jpg,0.0,v,215,0,1
valid/19D2D84B094167207D021BB70B6F28CD.jpg,0.0,v,215,0,1
valid/19D9BE4F958B1940257A4F1E5F0EC1CC.jpg,0.0,v,215,0,1
valid/19E4E676A0476C14DA6782A056B93006.jpg,0.0,v,215,0,1
valid/19F18EC0D72A843351EE07492F49EDF2.jpg,0.0,v,215,0,1
valid/1A0FA011D70818079505CED294B5855B.jpg,0.0,v,215,0,1
valid/1A2B3D87DCC7BA75944A5C975E41B0AD.jpg,0.0,v,215,0,1
valid/1A55D942695F9A272CF5029DF348C445.jpg,0.0,v,215,0,1
valid/1AAFCD94B53BE07D13BD58A8A37A78B1.jpg,0.0,v,215,0,1
valid/1AB8A2F2C1B5F0464A2A1D25B30F75A6.jpg,0.0,v,215,0,1
valid/1ABA074EA072937BB8F514A7548EFDB2.jpg,0.0,v,215,0,1
valid/1ABE5246D485D873B3D7ACB4A808F590.jpg,0.0,v,215,0,1
valid/1AD1436DAF4C00C8D2A8C8AE1DAF2D44.jpg,0.0,v,215,0,1
valid/1AD5D5789DB06345532023A6A520F27C.jpg,0.0,v,215,0,1
valid/1AEBA14408C1AB1D21817D5374A7A470.jpg,0.0,v,215,0,1
valid/1AF168A2CDDA2A453960E0E51F21FD8F.jpg,0.0,v,215,0,1
valid/1B05F2D23D24ECBBEA97CD5872AC4057.jpg,0.0,v,215,0,1
valid/1B11FD5F93C3FC11588C66E879911B6D.jpg,0.0,v,215,0,1
valid/1B171DCD40201201C7D228813E3F57EE.jpg,0.0,v,215,0,1
valid/1B25C1F361686D3EEDBB3243905B2304.jpg,0.0,v,215,0,1
valid/1B2AADCAFFFA1BA70CCEC88DF9EE1F61.jpg,0.0,v,215,0,1
valid/1B42B2CF58A7D50252C9DD0DCD74B292.jpg,0.0,v,215,0,1
valid/1B46F0909E6CCDF9D7CA6EE5B7EF13C0.jpg,0.0,v,215,0,1
valid/1B4B2AE5A3B6C639CACB7F6B8120E3A7.jpg,0.0,v,215,0,1
valid/1B634F67A39655CE1783654415741AEA.jpg,0.0,v,215,0,1
valid/1B74D08479DD07F1D67BEFCDB435BFC4.jpg,0.0,v,215,0,1
valid/1B8D968B5D5DF9D3C12D37F5DAC38816.jpg,0.0,v,215,0,1
valid/1BE929F41B4664886444D84D6C9D2B77.jpg,0.0,v,215,0,1
valid/1BECDEADCA102B405D7923D3044E7040.jpg,0.0,v,215,0,1
valid/1C141DB17B2C0C32495AD523DA569B0A.jpg,0.0,v,215,0,1
valid/1C2810B32AAFF6E475D076730E2F551C.jpg,0.0,v,215,0,1
valid/1C2ACF25F5CEB362FCE91CF975890DCC.jpg,0.0,v,215,0,1
valid/1C37166047D325721C813446746F9383.jpg,0.0,v,215,0,1
valid/1C39B5F99E5D37CC4806F6B2096F525D.jpg,0.0,v,215,0,1
valid/1C50DD9DD459AEA695457450D3B9F8A8.jpg,0.0,v,215,0,1
valid/1C5D8F419B39CD216B1B5152E1866325.jpg,0.0,v,215,0,1
valid/1C76EDE015142FA10192F450D4C8CEB6.jpg,0.0,v,215,0,1
valid/1C9B212636B4962C7304BFA6E5811E96.jpg,0.0,v,215,0,1
valid/1CCFB81371E1A821F863AF4599F4F428.jpg,0.0,v,215,0,1
valid/1CDB2FD6008B1A42CF7E6CB3BABA1547.jpg,0.0,v,215,0,1
valid/1CED35699402BE351223BE63740ECF68.jpg,0.0,v,215,0,1
valid/1CED644E66A6A620FF29760A04DF0FB9.jpg,0.0,v,215,0,1
valid/1D3CBFC7ECE6AE43B7BF184DAD2BB229.jpg,0.0,v,215,0,1
valid/1D4C2F090791F15BC70E0E5E771B7CFA.jpg,0.0,v,215,0,1
valid/1D4F50F1EF394A776519B26B2E74F2A9.jpg,0.0,v,215,0,1
valid/1D6BFE586889DCD4948FB335C1B8E304.jpg,0.0,v,215,0,1
valid/1D6F7B2AE93D3240BA6CA8F365914309.jpg,0.0,v,215,0,1
valid/1D74AA44B24DD7C466F8994A5BC3E8C3.jpg,0.0,v,215,0,1
valid/1DD2A86A3F5DF592CA73ECF3DF9B071D.jpg,0.0,v,215,0,1
valid/1E0070A20572BF685E4A0251E6E5B525.jpg,0.0,v,215,0,1
valid/1E009C0AB1647181D3C306E405E0122E.jpg,0.0,v,215,0,1
valid/1E0DB0B1C096B5FD02667A7539F00A54.jpg,0.0,v,215,0,1
valid/1E36F03CA4967130FDFD903A9181D861.jpg,0.0,v,215,0,1
valid/1E5C030C75F563D4F00617B098A8100D.jpg,0.0,v,215,0,1
valid/1E88D712AF7FDF6541D5BE9DFE147C7D.jpg,0.0,v,215,0,1
valid/1EB2D5F359645B230C56A4C488BEFD66.jpg,0.0,v,215,0,1
valid/1EBC6021127A6B5999AD6FA3B67CE60E.jpg,0.0,v,215,0,1
valid/1EC6183954B22AA6EC2F8AA0476E7A66.jpg,0.0,v,215,0,1
valid/1EE6A198AC48BC38C960B3D746580B91.jpg,0.0,v,215,0,1
valid/1EF8C2C51C711D28871A69DFBE6412B9.jpg,0.0,v,215,0,1
valid/1F343CDD1B7CE618904E8F2C6686915C.jpg,0.0,v,215,0,1
valid/1F3528FD071D7A8BD4BF83086EF5DA36.jpg,0.0,v,215,0,1
valid/1F3709E13A86FD92A3AC97B330346375.jpg,0.0,v,215,0,1
valid/1F4B941D9CFEAFCA3E536EEDC874F1C3.jpg,0.0,v,215,0,1
valid/1F7B6F44CCC91F42B6C1FEDA5307EE5F.jpg,0.0,v,215,0,1
valid/1FA845AF6ADAF15D59622761CA1B502A.jpg,0.0,v,215,0,1
valid/1FD51052DB817AE3D4EB729FB5275ABB.jpg,0.0,v,215,0,1
valid/1FE072E76EB816FD77EAC7E220DFB26F.jpg,0.0,v,215,0,1
valid/2011857043481E0403CB5600F1D3FBEE.jpg,0.0,v,215,0,1
valid/20389C11B8E3BE1529491BCCF0A31D49.jpg,0.0,v,215,0,1
valid/203B83D2E96D14EC3BFFE2368741D904.jpg,0.0,v,215,0,1
valid/2076A39B826EFF9499AA5FD9C9F9C8C7.jpg,0.0,v,215,0,1
valid/207720550848F806721C3C52F49F9348.jpg,0.0,v,215,0,1
valid/207F3B39E75BC5E3BE6B39A8B7D7AE07.jpg,0.0,v,215,0,1
valid/2083535C1C7A501FFB304E669B8D7E9C.jpg,0.0,v,215,0,1
valid/20993BF407D0F97454A257CCFC53B267.jpg,0.0,v,215,0,1
valid/209B34004F7813071870EBD679F7576D.jpg,0.0,v,215,0,1
valid/20AA23C4F9BE27AD169F3F8E8FAE89BF.jpg,0.0,v,215,0,1
valid/20DF517A5BD8DED1F9443CEFF9938A6B.jpg,0.0,v,215,0,1
valid/20F83854578B0E7FC437111BDD088C29.jpg,0.0,v,215,0,1
valid/2126F2F962F0A4357D952DC0A06F7FB1.jpg,0.0,v,215,0,1
valid/2144B932FA7FFA49DF3DE2DFD715A06B.jpg,0.0,v,215,0,1
valid/214757EB096C27C43FE7E130C46B7E09.jpg,0.0,v,215,0,1
valid/2155CED0A6CD1F409B374493CA23C7C3.jpg,0.0,v,215,0,1
valid/215EC7DF41C4FF36FB6E150D7CCDAEA4.jpg,0.0,v,215,0,1
valid/21780A84157924935190AB2BD666C433.jpg,0.0,v,215,0,1
valid/21A3951DB5433ED26E10A74B58004937.jpg,0.0,v,215,0,1
valid/21B66473154D38E5CE8DD658F231B971.jpg,0.0,v,215,0,1
valid/21D487BD98745D97805DDF987A3F9C4B.jpg,0.0,v,215,0,1
valid/22059B34CD51876E92E82B7A85F5AE53.jpg,0.0,v,215,0,1
valid/22181B7514A05A3C5250FFE03A9602BF.jpg,0.0,v,215,0,1
valid/221BF62B8E126A106D4A74A8F5C7BF6E.jpg,0.0,v,215,0,1
valid/222687154645974D3EC5DF16C922E3A5.jpg,0.0,v,215,0,1
valid/223EAE5F2B7B64B3D9C538F9CB0CC2A0.jpg,0.0,v,215,0,1
valid/2255475E3AFA1BD1B319C2DF06CEC109.jpg,0.0,v,215,0,1
valid/22958CBF70304A6C725306F8C23E2757.jpg,0.0,v,215,0,1
valid/22AD308B20DA33F4A03D5E7BF394C283.jpg,0.0,v,215,0,1
valid/22BC93087114F4E31DFF5F9CE2885C91.jpg,0.0,v,215,0,1
valid/22E7AEC2C5A0CFEC5077165A6E880D5F.jpg,0.0,v,215,0,1
valid/22EB2926303D7FAAC123C07869ED3138.jpg,0.0,v,215,0,1
valid/22F1E28B128FDD2F815529C4A2847A18.jpg,0.0,v,215,0,1
valid/22FDE3F67CA45CCDAB384FFF098C1775.jpg,0.0,v,215,0,1
valid/230E0678F580F59A126E713CAA060E42.jpg,0.0,v,215,0,1
valid/23116C1B782E45F62E8B029098BF629F.jpg,0.0,v,215,0,1
valid/2344DC5A44467C6AC763459EF6B46FED.jpg,0.0,v,215,0,1
valid/234D1BAB96D1B538746377D5250D3811.jpg,0.0,v,215,0,1
valid/236A83446D86CBC0E488E4430696AFA8.jpg,0.0,v,215,0,1
valid/2377DE3C9C8F41C22CC19E2BD9582097.jpg,0.0,v,215,0,1
valid/2379122D1EA82EA1B8E1C428F6B11E93.jpg,0.0,v,215,0,1
valid/238C33C1C8EBFC18F6FEAB21CEAD75C7.jpg,0.0,v,215,0,1
valid/23A08915E1C17DB789735907A53C4183.jpg,0.0,v,215,0,1
valid/23B6F4C0EF4ACA2A285C0BDA5AD91BCB.jpg,0.0,v,215,0,1
valid/23D7614658A0432B9493229F027B9EDD.jpg,0.0,v,215,0,1
valid/23EDFC159FEB566059E5CF68AD4BE980.jpg,0.0,v,215,0,1
valid/242A5E496B5A5D745FFEE78AFBF6BC75.jpg,0.0,v,215,0,1
valid/24656080C3F3D50865A44BB805AE3689.jpg,0.0,v,215,0,1
valid/246FF68B96CB4C04116FCB965CF17AD3.jpg,0.0,v,215,0,1
valid/249786EC93D797FD306C4952B2FEA111.jpg,0.0,v,215,0,1
valid/249EBF775B611D4C635AA8F3E7F1047F.jpg,0.0,v,215,0,1
valid/24AE216D477C4B98A2D674778D74BBA4.jpg,0.0,v,215,0,1
valid/24CA14CC040D6D2E6F53D68C6975D1E4.jpg,0.0,v,215,0,1
valid/24CCA39738F5F09032986446C48357F4.jpg,0.0,v,215,0,1
valid/24D73E00ED98FD0B6198851FB9AA4C69.jpg,0.0,v,215,0,1
valid/24E2AC22173971431CDE2431BD1BFBAA.jpg,0.0,v,215,0,1
valid/25063C6388FE83B8B3A71DA68FBEDE31.jpg,0.0,v,215,0,1
valid/250700FA847DABF026D6E8AB0CA45472.jpg,0.0,v,215,0,1
valid/250CFDB554A38843EE36308E4D089801.jpg,0.0,v,215,0,1
valid/2510D27DC8773F3B14D51529AC517A96.jpg,0.0,v,215,0,1
valid/253A3698B88DAF5BBADA5024A4C7F447.jpg,0.0,v,215,0,1
valid/25492BC00B95A968B12C358DF98600B6.jpg,0.0,v,215,0,1
valid/2558AD563B2835AF545A5CCBAFC32025.jpg,0.0,v,215,0,1
valid/25F96FCF052DBC5BA8AE8B0C5ABB3F76.jpg,0.0,v,215,0,1
valid/2613EC1B6D91089919664355E6C4793A.jpg,0.0,v,215,0,1
valid/2639FE532F3994A1C6EF0AE8A035B274.jpg,0.0,v,215,0,1
valid/265DA4134F523FBE8BE9E2DE5D554D77.jpg,0.0,v,215,0,1
valid/266C8B46989B8B08B1A403A061F3DFAE.jpg,0.0,v,215,0,1
valid/2671C9FAB4FDA6BAB640BEFE2B843A73.jpg,0.0,v,215,0,1
valid/267255DD1A395EE6E1D7BC8D26DC3C66.jpg,0.0,v,215,0,1
valid/267EEF4828FFAAF761F460956E46C930.jpg,0.0,v,215,0,1
valid/2687E655750FAE8765C66CB0C68954A1.jpg,0.0,v,215,0,1
valid/26978A0A2BCD2A22C0A7D335B690F512.jpg,0.0,v,215,0,1
valid/26D8B7BDD0D7048A4291D489C190CFB9.jpg,0.0,v,215,0,1
valid/26DC647AB2E9F66B73A8E61E9539353C.jpg,0.0,v,215,0,1
valid/270F628F486585145C00C2F25D847639.jpg,0.0,v,215,0,1
valid/2731BBA7066D61129D0A3855D32B53FA.jpg,0.0,v,215,0,1
valid/273FFC08C13B5DC9040E880C906F2758.jpg,0.0,v,215,0,1
valid/27744AC75513D6B2EAFEA5FE43DD952C.jpg,0.0,v,215,0,1
valid/279F53E3465D45FDBC5187F20C9C06A1.jpg,0.0,v,215,0,1
valid/27A8B536DEB00D7934A97DEE7508EC15.jpg,0.0,v,215,0,1
valid/27C609EACE563B89022F91C1E516BD94.jpg,0.0,v,215,0,1
valid/27C985E0ABDBE3A4088E40BCC365BB6C.jpg,0.0,v,215,0,1
valid/27CF13E900DC6ED7CF4354D7B3705EA5.jpg,0.0,v,215,0,1
valid/27EEE9473BB98FF5D18078233A144F57.jpg,0.0,v,215,0,1
valid/281C106C0A4ABC6568152C4FB874AF0B.jpg,0.0,v,215,0,1
valid/2832B07DBDE51FF031B99A40B2204DC0.jpg,0.0,v,215,0,1
valid/284A49AEB6446E07BCDD6179D9121F1A.jpg,0.0,v,215,0,1
valid/284E5E7D088E50F7780AF9B65730BB8C.jpg,0.0,v,215,0,1
valid/285F858D1A9F825E372510C7E0476F4B.jpg,0.0,v,215,0,1
valid/2868304EBC69DC69D70E954D34BC781D.jpg,0.0,v,215,0,1
valid/287CACB2155B79A32266DB69EC4BD09C.jpg,0.0,v,215,0,1
valid/28B8481E60B067EF997B8A8317484ACB.jpg,0.0,v,215,0,1
valid/28EE4ED17E3DA761954718ABE2BC2235.jpg,0.0,v,215,0,1
valid/291C563B65FE47226F1197DD83333764.jpg,0.0,v,215,0,1
valid/2931F51AB7BEF38571BA62EA5DFCAE94.jpg,0.0,v,215,0,1
valid/29464EA3BD14EBF72F7DFF1081A138A4.jpg,0.0,v,215,0,1
valid/29557664A01EBCB6702600C86E08FF14.jpg,0.0,v,215,0,1
valid/297F0DB39CB2F6473F3EB6BE2FCFF596.jpg,0.0,v,215,0,1
valid/29838DF3FD089D7D80A0DB726EAC3992.jpg,0.0,v,215,0,1
valid/29957DB2455B2A0FF1B5CB755CF0A1B5.jpg,0.0,v,215,0,1
valid/29B8E666B8BFC824E4D9719160EFFF87.jpg,0.0,v,215,0,1
valid/29B9313B10967FD7B87DAF1B8BE83A6E.jpg,0.0,v,215,0,1
valid/29BC8B582F7D841482C2A3B94EF326EF.jpg,0.0,v,215,0,1
valid/29C0E57911DB9A601CA99875C92D7DD0.jpg,0.0,v,215,0,1
valid/29C73AA57F794182BA33B04164DE40EA.jpg,0.0,v,215,0,1
valid/29ED5BC874F6676D65FCA303B7CB6711.jpg,0.0,v,215,0,1
valid/29EF90A8EC1C91E41F611A6A6056C3DD.jpg,0.0,v,215,0,1
valid/29F0997D0BC9135B453D80FC6CFEAF07.jpg,0.0,v,215,0,1
valid/29F16AEDFF15FE0A7A5E6924486939D5.jpg,0.0,v,215,0,1
valid/29F40C4129C3AF7FF16BE5C7FBB6E038.jpg,0.0,v,215,0,1
valid/2A07FC1FE9B55CADC729B9B9AE4BA7F5.jpg,0.0,v,215,0,1
valid/2A13B2BDFF933C3FD18CC1B73FC83F86.jpg,0.0,v,215,0,1
valid/2A14F663A8C8E751B4494F29D0F517A7.jpg,0.0,v,215,0,1
valid/2A3AF07E26C4F35BC83602B70167D2B5.jpg,0.0,v,215,0,1
valid/2A6E928D8E06E10573E3BEF617743ADE.jpg,0.0,v,215,0,1
valid/2A852204FFD8F1C70F91149E7A76FA34.jpg,0.0,v,215,0,1
valid/2A886E271A5F67FD74B39B487FA7AB5E.jpg,0.0,v,215,0,1
valid/2A8B6EAB956827ED14EE9F119EEC96F1.jpg,0.0,v,215,0,1
valid/2A8CCCDC8A3135222080AD16B706517E.jpg,0.0,v,215,0,1
valid/2A9CBA7304808EBDF4995432AC0A627B.jpg,0.0,v,215,0,1
valid/2AB9BD5659B282EBFCB4D13F8ED71592.jpg,0.0,v,215,0,1
valid/2B281843CBAADB5E3E1484AE48B3715D.jpg,0.0,v,215,0,1
valid/2B28F57B871FD1491079F10C51EB792A.jpg,0.0,v,215,0,1
valid/2B32EDE775EE8915CB199F1FE3310ED7.jpg,0.0,v,215,0,1
valid/2B5C33295E90C4ED53B7B176DD3B281E.jpg,0.0,v,215,0,1
valid/2B89F80916356C12D9089B375EB30CC2.jpg,0.0,v,215,0,1
valid/2B8AE1A363272D0DE5E0C4722FACC3A5.jpg,0.0,v,215,0,1
valid/2BD0429879DF8E7725BF1E151A7364E9.jpg,0.0,v,215,0,1
valid/2C075B1C79C6863F03212CB90B36E11A.jpg,0.0,v,215,0,1
valid/2C31CA58FED8E110D474A6666AE99BC8.jpg,0.0,v,215,0,1
valid/2C3CDD8AFB6ABC2416250DAF6159E0E8.jpg,0.0,v,215,0,1
valid/2C4959F797FEB2E41D74C972C91BA0B9.jpg,0.0,v,215,0,1
valid/2C50FE0223151312B75C9D4270327394.jpg,0.0,v,215,0,1
valid/2C5F0CE7998B5701F08327DFAC819A40.jpg,0.0,v,215,0,1
valid/2C719B07CF66DA88DA2E773535B949CF.jpg,0.0,v,215,0,1
valid/2C7286B255331D7844CA1CE153DCC88B.jpg,0.0,v,215,0,1
valid/2C738C7BDC9F0FB501E7C7F8F420D931.jpg,0.0,v,215,0,1
valid/2CABD0C3C4B4B3451D737BE22D1B373D.jpg,0.0,v,215,0,1
valid/2CC5B1BF7EF69CE576E5492DA06EF9EF.jpg,0.0,v,215,0,1
valid/2CE92DB898FC1AE6864C3A6C9A772E3B.jpg,0.0,v,215,0,1
valid/2CF5B00215B9555608312A0B45E6F351.jpg,0.0,v,215,0,1
valid/2D0994B1114D2853A02A5F44ECA0EE57.jpg,0.0,v,215,0,1
valid/2D0AE88810EE3485BCBDF2AF605FD613.jpg,0.0,v,215,0,1
valid/2D456D01AC03CA90A0691DFD8DE30A47.jpg,0.0,v,215,0,1
valid/2D6729BD0D0FF33660FC1745977D6176.jpg,0.0,v,215,0,1
valid/2D673105499DE3E8B610CBD470C35FB9.jpg,0.0,v,215,0,1
valid/2D7B3365E6649CF5C5D362465902419C.jpg,0.0,v,215,0,1
valid/2D9888253437939413259BF4116C939A.jpg,0.0,v,215,0,1
valid/2D9B43869CDD9EB902A912442ABE4A78.jpg,0.0,v,215,0,1
valid/2DA1CCE45B5D856B9B1C70150A6DF107.jpg,0.0,v,215,0,1
valid/2DA511A4DCD25050EA690FAA9C492410.jpg,0.0,v,215,0,1
valid/2DBC6C9D80BDB70ACD2B800D96DEA06E.jpg,0.0,v,215,0,1
valid/2DD3051136003FB1241F49B260453C86.jpg,0.0,v,215,0,1
valid/2DD4A0958D13E09BC4BE9AE7049F1349.jpg,0.0,v,215,0,1
valid/2DE16CC87450B97DF0EBE0C61296FD84.jpg,0.0,v,215,0,1
valid/2DF6FB9FC28A17FA0B057298A113213B.jpg,0.0,v,215,0,1
valid/2DFF0A0AAE0CD859C783B36729640397.jpg,0.0,v,215,0,1
valid/2E0A45758958E3B2131A9713D7F97F89.jpg,0.0,v,215,0,1
valid/2E1295017E5C050E823B8A19E05C26A6.jpg,0.0,v,215,0,1
valid/2E1BA065F7D756D4811693E538A6155C.jpg,0.0,v,215,0,1
valid/2E542E7AAD3234154CCD156DE7BEA153.jpg,0.0,v,215,0,1
valid/2E56B6E6D0057368508AB8A75C93478C.jpg,0.0,v,215,0,1
valid/2E7070CE15C622BEB180F2FA47697043.jpg,0.0,v,215,0,1
valid/2E75B921B31A267536EAB751767DD37A.jpg,0.0,v,215,0,1
valid/2E8E8FEB19036BBA635FEA25D34349F8.jpg,0.0,v,215,0,1
valid/2ECE78AAE19D4D2681FA0EE174F5F18C.jpg,0.0,v,215,0,1
valid/2ED518F343AFC6379C7D683A26343B1E.jpg,0.0,v,215,0,1
valid/2ED61256DC321028D8D11BB22CC167EC.jpg,0.0,v,215,0,1
valid/2EDA9E46534C396B3F07D7B079A2181C.jpg,0.0,v,215,0,1
valid/2F28275D66B5924CBC157A4BED08FFB8.jpg,0.0,v,215,0,1
valid/2F6E19B1EE3C53B8D131C6264FD0F83C.jpg,0.0,v,215,0,1
valid/2F87EA5437195779AF73CD8597C857AB.jpg,0.0,v,215,0,1
valid/2FC0346A8DA584B1DD52CA5ACF697DF9.jpg,0.0,v,215,0,1
valid/2FE31A6D23FCFCE0856DFB6EF79C0C59.jpg,0.0,v,215,0,1
valid/300A6F3DC316F612842A67158BD099B8.jpg,0.0,v,215,0,1
valid/305254C76011D60034F674343CE52ED1.jpg,0.0,v,215,0,1
valid/305C9715F13F72D15C4F40B0BAE66DB5.jpg,0.0,v,215,0,1
valid/306CD96F4AC29C4803EEB9C0ED3019DC.jpg,0.0,v,215,0,1
valid/30741BAF30D15DD2B7949BA02755F5E8.jpg,0.0,v,215,0,1
valid/30890405AED783A5704371C5412D165F.jpg,0.0,v,215,0,1
valid/309C1F229796DABC74D76D4486032B25.jpg,0.0,v,215,0,1
valid/30C4E995C55EA1F703956965EE3314B1.jpg,0.0,v,215,0,1
valid/30CA9D909638AB65B3B7D7341050399E.jpg,0.0,v,215,0,1
valid/30E8D9E2B751E32E6DE045E7EAAA4D1B.jpg,0.0,v,215,0,1
valid/30ED85C92CAE96E4EAA76B19601106BB.jpg,0.0,v,215,0,1
valid/317B6000BF7B0579E54B10EC231DCE09.jpg,0.0,v,215,0,1
valid/318D747DB91510AE65A1B604AC678550.jpg,0.0,v,215,0,1
valid/31B16CFC907921CC65C3E1A69D8869B8.jpg,0.0,v,215,0,1
valid/31BC90EE3E485B8D70EE6B6AFA9B4523.jpg,0.0,v,215,0,1
valid/31F292161E61C4101F1920D0A4DDEC14.jpg,0.0,v,215,0,1
valid/31FB20177D50239806D3AC1267FCC163.jpg,0.0,v,215,0,1